week,next_week,predicted_momentum,precision_momentum,predicted_baseline,precision_baseline,actual_top_5
2022-12-19,2022-12-26,Global Affairs & Geopolitics;Science & Technology;Theatre & Visual Arts;Art & Culture;Climate & Environment,0.4,Global Affairs & Geopolitics;Science & Technology;Theatre & Visual Arts;Art & Culture;Climate & Environment,0.4,Art & Culture;Climate & Environment;Economics & Finance;Education;Film & Television
2022-12-26,2023-01-02,Global Affairs & Geopolitics;Science & Technology;Theatre & Visual Arts;Art & Culture;Climate & Environment,0.4,Global Affairs & Geopolitics;Science & Technology;Theatre & Visual Arts;Art & Culture;Climate & Environment,0.4,Art & Culture;Climate & Environment;Economics & Finance;Education;Film & Television
2023-01-02,2023-01-09,Art & Culture;Climate & Environment;Economics & Finance;Education;Film & Television,1.0,Art & Culture;Climate & Environment;Economics & Finance;Education;Film & Television,1.0,Art & Culture;Climate & Environment;Economics & Finance;Education;Film & Television
2023-01-09,2023-01-16,Art & Culture;Climate & Environment;Economics & Finance;Education;Film & Television,1.0,Art & Culture;Climate & Environment;Economics & Finance;Education;Film & Television,1.0,Art & Culture;Climate & Environment;Economics & Finance;Education;Film & Television
2023-01-16,2023-01-23,Art & Culture;Climate & Environment;Economics & Finance;Education;Film & Television,0.8,Art & Culture;Climate & Environment;Economics & Finance;Education;Film & Television,0.8,Education;UK Politics;Art & Culture;Climate & Environment;Economics & Finance
2023-01-23,2023-01-30,Education;UK Politics;Art & Culture;Climate & Environment;Economics & Finance,0.8,Education;UK Politics;Art & Culture;Climate & Environment;Economics & Finance,0.8,Film & Television;Art & Culture;Climate & Environment;Economics & Finance;Education
2023-01-30,2023-02-06,Education;Film & Television;UK Politics;Art & Culture;Climate & Environment,0.8,Education;Film & Television;UK Politics;Art & Culture;Climate & Environment,0.8,Art & Culture;Climate & Environment;Economics & Finance;Education;Film & Television
2023-02-06,2023-02-13,Education;Film & Television;UK Politics;Art & Culture;Climate & Environment,0.6,Education;Film & Television;UK Politics;Art & Culture;Climate & Environment,0.6,Global Affairs & Geopolitics;Art & Culture;Climate & Environment;Economics & Finance;Education
2023-02-13,2023-02-20,Education;Film & Television;UK Politics;Global Affairs & Geopolitics;Art & Culture,0.6,Education;Film & Television;Global Affairs & Geopolitics;UK Politics;Art & Culture,0.6,Art & Culture;Climate & Environment;Economics & Finance;Education;Film & Television
2023-02-20,2023-02-27,Film & Television;Global Affairs & Geopolitics;Art & Culture;Climate & Environment;Economics & Finance,0.8,Film & Television;Global Affairs & Geopolitics;Art & Culture;Climate & Environment;Economics & Finance,0.8,Art & Culture;Climate & Environment;Economics & Finance;Education;Film & Television
2023-02-27,2023-03-06,Global Affairs & Geopolitics;Art & Culture;Climate & Environment;Economics & Finance;Education,0.8,Global Affairs & Geopolitics;Art & Culture;Climate & Environment;Economics & Finance;Education,0.8,UK Politics;Art & Culture;Climate & Environment;Economics & Finance;Education
2023-03-06,2023-03-13,Global Affairs & Geopolitics;UK Politics;Art & Culture;Climate & Environment;Economics & Finance,0.6,Global Affairs & Geopolitics;UK Politics;Art & Culture;Climate & Environment;Economics & Finance,0.6,Art & Culture;Climate & Environment;Economics & Finance;Education;Film & Television
2023-03-13,2023-03-20,UK Politics;Art & Culture;Climate & Environment;Economics & Finance;Education,0.8,UK Politics;Art & Culture;Climate & Environment;Economics & Finance;Education,0.8,UK Politics;Education;UCL & Campus;Art & Culture;Climate & Environment
2023-03-20,2023-03-27,UCL & Campus;UK Politics;Education;Art & Culture;Climate & Environment,0.6,UK Politics;Education;UCL & Campus;Art & Culture;Climate & Environment,0.6,Art & Culture;Climate & Environment;Economics & Finance;Education;Film & Television
2023-03-27,2023-04-03,UCL & Campus;UK Politics;Education;Art & Culture;Climate & Environment,0.6,UK Politics;Education;UCL & Campus;Art & Culture;Climate & Environment,0.6,Art & Culture;Climate & Environment;Economics & Finance;Education;Film & Television
2023-04-03,2023-04-10,UCL & Campus;UK Politics;Education;Art & Culture;Climate & Environment,0.6,UK Politics;Education;UCL & Campus;Art & Culture;Climate & Environment,0.6,Art & Culture;Climate & Environment;Economics & Finance;Education;Film & Television
2023-04-10,2023-04-17,UCL & Campus;UK Politics;Education;Art & Culture;Climate & Environment,0.6,UK Politics;Education;UCL & Campus;Art & Culture;Climate & Environment,0.6,Art & Culture;Climate & Environment;Economics & Finance;Education;Film & Television
2023-04-17,2023-04-24,Art & Culture;Climate & Environment;Economics & Finance;Education;Film & Television,1.0,Art & Culture;Climate & Environment;Economics & Finance;Education;Film & Television,1.0,Art & Culture;Climate & Environment;Economics & Finance;Education;Film & Television
2023-04-24,2023-05-01,Art & Culture;Climate & Environment;Economics & Finance;Education;Film & Television,1.0,Art & Culture;Climate & Environment;Economics & Finance;Education;Film & Television,1.0,Art & Culture;Climate & Environment;Economics & Finance;Education;Film & Television
2023-05-01,2023-05-08,Art & Culture;Climate & Environment;Economics & Finance;Education;Film & Television,1.0,Art & Culture;Climate & Environment;Economics & Finance;Education;Film & Television,1.0,Art & Culture;Climate & Environment;Economics & Finance;Education;Film & Television
2023-05-08,2023-05-15,Art & Culture;Climate & Environment;Economics & Finance;Education;Film & Television,1.0,Art & Culture;Climate & Environment;Economics & Finance;Education;Film & Television,1.0,Art & Culture;Climate & Environment;Economics & Finance;Education;Film & Television
2023-05-15,2023-05-22,Art & Culture;Climate & Environment;Economics & Finance;Education;Film & Television,1.0,Art & Culture;Climate & Environment;Economics & Finance;Education;Film & Television,1.0,Art & Culture;Climate & Environment;Economics & Finance;Education;Film & Television
2023-05-22,2023-05-29,Art & Culture;Climate & Environment;Economics & Finance;Education;Film & Television,1.0,Art & Culture;Climate & Environment;Economics & Finance;Education;Film & Television,1.0,Art & Culture;Climate & Environment;Economics & Finance;Education;Film & Television
2023-05-29,2023-06-05,Art & Culture;Climate & Environment;Economics & Finance;Education;Film & Television,1.0,Art & Culture;Climate & Environment;Economics & Finance;Education;Film & Television,1.0,Art & Culture;Climate & Environment;Economics & Finance;Education;Film & Television
2023-06-05,2023-06-12,Art & Culture;Climate & Environment;Economics & Finance;Education;Film & Television,1.0,Art & Culture;Climate & Environment;Economics & Finance;Education;Film & Television,1.0,Art & Culture;Climate & Environment;Economics & Finance;Education;Film & Television
2023-06-12,2023-06-19,Art & Culture;Climate & Environment;Economics & Finance;Education;Film & Television,1.0,Art & Culture;Climate & Environment;Economics & Finance;Education;Film & Television,1.0,Art & Culture;Climate & Environment;Economics & Finance;Education;Film & Television
2023-06-19,2023-06-26,Art & Culture;Climate & Environment;Economics & Finance;Education;Film & Television,1.0,Art & Culture;Climate & Environment;Economics & Finance;Education;Film & Television,1.0,Art & Culture;Climate & Environment;Economics & Finance;Education;Film & Television
2023-06-26,2023-07-03,Art & Culture;Climate & Environment;Economics & Finance;Education;Film & Television,1.0,Art & Culture;Climate & Environment;Economics & Finance;Education;Film & Television,1.0,Art & Culture;Climate & Environment;Economics & Finance;Education;Film & Television
2023-07-03,2023-07-10,Art & Culture;Climate & Environment;Economics & Finance;Education;Film & Television,1.0,Art & Culture;Climate & Environment;Economics & Finance;Education;Film & Television,1.0,Art & Culture;Climate & Environment;Economics & Finance;Education;Film & Television
2023-07-10,2023-07-17,Art & Culture;Climate & Environment;Economics & Finance;Education;Film & Television,1.0,Art & Culture;Climate & Environment;Economics & Finance;Education;Film & Television,1.0,Art & Culture;Climate & Environment;Economics & Finance;Education;Film & Television
2023-07-17,2023-07-24,Art & Culture;Climate & Environment;Economics & Finance;Education;Film & Television,1.0,Art & Culture;Climate & Environment;Economics & Finance;Education;Film & Television,1.0,Art & Culture;Climate & Environment;Economics & Finance;Education;Film & Television
2023-07-24,2023-07-31,Art & Culture;Climate & Environment;Economics & Finance;Education;Film & Television,1.0,Art & Culture;Climate & Environment;Economics & Finance;Education;Film & Television,1.0,Art & Culture;Climate & Environment;Economics & Finance;Education;Film & Television
2023-07-31,2023-08-07,Art & Culture;Climate & Environment;Economics & Finance;Education;Film & Television,1.0,Art & Culture;Climate & Environment;Economics & Finance;Education;Film & Television,1.0,Art & Culture;Climate & Environment;Economics & Finance;Education;Film & Television
2023-08-07,2023-08-14,Art & Culture;Climate & Environment;Economics & Finance;Education;Film & Television,1.0,Art & Culture;Climate & Environment;Economics & Finance;Education;Film & Television,1.0,Art & Culture;Climate & Environment;Economics & Finance;Education;Film & Television
2023-08-14,2023-08-21,Art & Culture;Climate & Environment;Economics & Finance;Education;Film & Television,1.0,Art & Culture;Climate & Environment;Economics & Finance;Education;Film & Television,1.0,Art & Culture;Climate & Environment;Economics & Finance;Education;Film & Television
2023-08-21,2023-08-28,Art & Culture;Climate & Environment;Economics & Finance;Education;Film & Television,1.0,Art & Culture;Climate & Environment;Economics & Finance;Education;Film & Television,1.0,Art & Culture;Climate & Environment;Economics & Finance;Education;Film & Television
2023-08-28,2023-09-04,Art & Culture;Climate & Environment;Economics & Finance;Education;Film & Television,1.0,Art & Culture;Climate & Environment;Economics & Finance;Education;Film & Television,1.0,Art & Culture;Climate & Environment;Economics & Finance;Education;Film & Television
2023-09-04,2023-09-11,Art & Culture;Climate & Environment;Economics & Finance;Education;Film & Television,1.0,Art & Culture;Climate & Environment;Economics & Finance;Education;Film & Television,1.0,Art & Culture;Climate & Environment;Economics & Finance;Education;Film & Television
2023-09-11,2023-09-18,Art & Culture;Climate & Environment;Economics & Finance;Education;Film & Television,1.0,Art & Culture;Climate & Environment;Economics & Finance;Education;Film & Television,1.0,Art & Culture;Climate & Environment;Economics & Finance;Education;Film & Television
2023-09-18,2023-09-25,Art & Culture;Climate & Environment;Economics & Finance;Education;Film & Television,1.0,Art & Culture;Climate & Environment;Economics & Finance;Education;Film & Television,1.0,Economics & Finance;Art & Culture;Climate & Environment;Education;Film & Television
2023-09-25,2023-10-02,Economics & Finance;Art & Culture;Climate & Environment;Education;Film & Television,1.0,Economics & Finance;Art & Culture;Climate & Environment;Education;Film & Television,1.0,Art & Culture;Climate & Environment;Economics & Finance;Education;Film & Television
2023-10-02,2023-10-09,Economics & Finance;Art & Culture;Climate & Environment;Education;Film & Television,1.0,Economics & Finance;Art & Culture;Climate & Environment;Education;Film & Television,1.0,Art & Culture;Climate & Environment;Economics & Finance;Education;Film & Television
2023-10-09,2023-10-16,Economics & Finance;Art & Culture;Climate & Environment;Education;Film & Television,0.2,Economics & Finance;Art & Culture;Climate & Environment;Education;Film & Television,0.2,Health & Medicine;Middle East & Global Conflict;Society & Identity;UCL & Campus;Art & Culture
2023-10-16,2023-10-23,Economics & Finance;Health & Medicine;Middle East & Global Conflict;Society & Identity;UCL & Campus,0.4,Economics & Finance;Health & Medicine;Middle East & Global Conflict;Society & Identity;UCL & Campus,0.4,UCL & Campus;Economics & Finance;Science & Technology;US & International Politics;Art & Culture
2023-10-23,2023-10-30,UCL & Campus;Health & Medicine;Middle East & Global Conflict;Science & Technology;Society & Identity,0.0,UCL & Campus;Economics & Finance;Health & Medicine;Middle East & Global Conflict;Science & Technology,0.2,Art & Culture;Climate & Environment;Economics & Finance;Education;Film & Television
2023-10-30,2023-11-06,UCL & Campus;Health & Medicine;Middle East & Global Conflict;Science & Technology;Society & Identity,0.4,UCL & Campus;Economics & Finance;Health & Medicine;Middle East & Global Conflict;Science & Technology,0.2,Middle East & Global Conflict;Society & Identity;Theatre & Visual Arts;Art & Culture;Climate & Environment
2023-11-06,2023-11-13,UCL & Campus;Middle East & Global Conflict;Society & Identity;Health & Medicine;Science & Technology,0.0,UCL & Campus;Middle East & Global Conflict;Society & Identity;Economics & Finance;Health & Medicine,0.2,Art & Culture;Climate & Environment;Economics & Finance;Education;Film & Television
2023-11-13,2023-11-20,Science & Technology;Theatre & Visual Arts;US & International Politics;UCL & Campus;Economics & Finance,0.4,UCL & Campus;Economics & Finance;Middle East & Global Conflict;Science & Technology;Society & Identity,0.6,UCL & Campus;Art & Culture;Middle East & Global Conflict;Climate & Environment;Economics & Finance
2023-11-20,2023-11-27,Art & Culture;Theatre & Visual Arts;Middle East & Global Conflict;Society & Identity;UCL & Campus,0.2,Middle East & Global Conflict;UCL & Campus;Art & Culture;Society & Identity;Theatre & Visual Arts,0.2,Art & Culture;Climate & Environment;Economics & Finance;Education;Film & Television
2023-11-27,2023-12-04,Art & Culture;Theatre & Visual Arts;Middle East & Global Conflict;Society & Identity;UCL & Campus,0.2,Middle East & Global Conflict;UCL & Campus;Art & Culture;Society & Identity;Theatre & Visual Arts,0.2,Art & Culture;Climate & Environment;Economics & Finance;Education;Film & Television
2023-12-04,2023-12-11,Art & Culture;UCL & Campus;Middle East & Global Conflict;Climate & Environment;Economics & Finance,0.6,UCL & Campus;Art & Culture;Middle East & Global Conflict;Climate & Environment;Economics & Finance,0.6,Art & Culture;Climate & Environment;Economics & Finance;Education;Film & Television
2023-12-11,2023-12-18,Art & Culture;UCL & Campus;Middle East & Global Conflict;Climate & Environment;Economics & Finance,0.8,UCL & Campus;Art & Culture;Middle East & Global Conflict;Climate & Environment;Economics & Finance,0.8,Science & Technology;UCL & Campus;Art & Culture;Climate & Environment;Economics & Finance
2023-12-18,2023-12-25,Science & Technology;UCL & Campus;Art & Culture;Climate & Environment;Economics & Finance,0.6,Science & Technology;UCL & Campus;Art & Culture;Climate & Environment;Economics & Finance,0.6,Art & Culture;Climate & Environment;Economics & Finance;Education;Film & Television
2023-12-25,2024-01-01,Science & Technology;UCL & Campus;Art & Culture;Climate & Environment;Economics & Finance,0.6,Science & Technology;UCL & Campus;Art & Culture;Climate & Environment;Economics & Finance,0.6,Art & Culture;Climate & Environment;Economics & Finance;Education;Film & Television
2024-01-01,2024-01-08,Science & Technology;UCL & Campus;Art & Culture;Climate & Environment;Economics & Finance,0.6,Science & Technology;UCL & Campus;Art & Culture;Climate & Environment;Economics & Finance,0.6,Art & Culture;Climate & Environment;Economics & Finance;Education;Film & Television
2024-01-08,2024-01-15,Science & Technology;UCL & Campus;Art & Culture;Climate & Environment;Economics & Finance,0.6,Science & Technology;UCL & Campus;Art & Culture;Climate & Environment;Economics & Finance,0.6,Theatre & Visual Arts;Art & Culture;Climate & Environment;Economics & Finance;Education
2024-01-15,2024-01-22,Theatre & Visual Arts;Art & Culture;Climate & Environment;Economics & Finance;Education,0.8,Theatre & Visual Arts;Art & Culture;Climate & Environment;Economics & Finance;Education,0.8,Art & Culture;Climate & Environment;Economics & Finance;Education;Film & Television
2024-01-22,2024-01-29,Theatre & Visual Arts;Art & Culture;Climate & Environment;Economics & Finance;Education,0.4,Theatre & Visual Arts;Art & Culture;Climate & Environment;Economics & Finance;Education,0.4,"Theatre & Visual Arts;Lifestyle, Food & Travel;Society & Identity;UCL & Campus;Art & Culture"
2024-01-29,2024-02-05,"Theatre & Visual Arts;Lifestyle, Food & Travel;Society & Identity;UCL & Campus;Art & Culture",0.6,"Theatre & Visual Arts;Lifestyle, Food & Travel;Society & Identity;UCL & Campus;Art & Culture",0.6,Middle East & Global Conflict;Society & Identity;UCL & Campus;UK Politics;Art & Culture
2024-02-05,2024-02-12,"Theatre & Visual Arts;Society & Identity;Lifestyle, Food & Travel;UK Politics;Middle East & Global Conflict",0.4,"Theatre & Visual Arts;Society & Identity;UCL & Campus;Lifestyle, Food & Travel;Middle East & Global Conflict",0.6,UCL & Campus;Health & Medicine;Middle East & Global Conflict;Science & Technology;Society & Identity
2024-02-12,2024-02-19,"Society & Identity;Middle East & Global Conflict;UK Politics;Health & Medicine;Lifestyle, Food & Travel",0.0,UCL & Campus;Society & Identity;Theatre & Visual Arts;Middle East & Global Conflict;UK Politics,0.0,Art & Culture;Climate & Environment;Economics & Finance;Education;Film & Television
2024-02-19,2024-02-26,"Society & Identity;Middle East & Global Conflict;UK Politics;Health & Medicine;Lifestyle, Food & Travel",0.0,UCL & Campus;Society & Identity;Theatre & Visual Arts;Middle East & Global Conflict;UK Politics,0.4,Theatre & Visual Arts;UCL & Campus;Art & Culture;Climate & Environment;Economics & Finance
2024-02-26,2024-03-04,Middle East & Global Conflict;UK Politics;Health & Medicine;UCL & Campus;Society & Identity,0.2,UCL & Campus;Middle East & Global Conflict;Society & Identity;Theatre & Visual Arts;UK Politics,0.0,Health & Medicine;Science & Technology;Art & Culture;Climate & Environment;Economics & Finance
2024-03-04,2024-03-11,Health & Medicine;Science & Technology;UCL & Campus;Middle East & Global Conflict;UK Politics,0.6,UCL & Campus;Health & Medicine;Science & Technology;Theatre & Visual Arts;Middle East & Global Conflict,0.4,Health & Medicine;UCL & Campus;UK Politics;Art & Culture;Climate & Environment
2024-03-11,2024-03-18,Health & Medicine;Science & Technology;UK Politics;UCL & Campus;Theatre & Visual Arts,0.0,Health & Medicine;UCL & Campus;Science & Technology;Theatre & Visual Arts;UK Politics,0.0,Art & Culture;Climate & Environment;Economics & Finance;Education;Film & Television
2024-03-18,2024-03-25,Health & Medicine;Science & Technology;UK Politics;UCL & Campus;Theatre & Visual Arts,0.0,Health & Medicine;UCL & Campus;Science & Technology;Theatre & Visual Arts;UK Politics,0.0,Art & Culture;Climate & Environment;Economics & Finance;Education;Film & Television
2024-03-25,2024-04-01,Health & Medicine;Science & Technology;UK Politics;UCL & Campus;Art & Culture,0.2,Health & Medicine;Science & Technology;UCL & Campus;UK Politics;Art & Culture,0.2,Art & Culture;Climate & Environment;Economics & Finance;Education;Film & Television
2024-04-01,2024-04-08,Health & Medicine;UK Politics;UCL & Campus;Art & Culture;Climate & Environment,0.4,Health & Medicine;UCL & Campus;UK Politics;Art & Culture;Climate & Environment,0.4,Art & Culture;Climate & Environment;Economics & Finance;Education;Film & Television
2024-04-08,2024-04-15,Art & Culture;Climate & Environment;Economics & Finance;Education;Film & Television,1.0,Art & Culture;Climate & Environment;Economics & Finance;Education;Film & Television,1.0,Art & Culture;Climate & Environment;Economics & Finance;Education;Film & Television
2024-04-15,2024-04-22,Art & Culture;Climate & Environment;Economics & Finance;Education;Film & Television,1.0,Art & Culture;Climate & Environment;Economics & Finance;Education;Film & Television,1.0,Art & Culture;Climate & Environment;Economics & Finance;Education;Film & Television
2024-04-22,2024-04-29,Art & Culture;Climate & Environment;Economics & Finance;Education;Film & Television,1.0,Art & Culture;Climate & Environment;Economics & Finance;Education;Film & Television,1.0,Art & Culture;Climate & Environment;Economics & Finance;Education;Film & Television
2024-04-29,2024-05-06,Art & Culture;Climate & Environment;Economics & Finance;Education;Film & Television,1.0,Art & Culture;Climate & Environment;Economics & Finance;Education;Film & Television,1.0,Art & Culture;Climate & Environment;Economics & Finance;Education;Film & Television
2024-05-06,2024-05-13,Art & Culture;Climate & Environment;Economics & Finance;Education;Film & Television,1.0,Art & Culture;Climate & Environment;Economics & Finance;Education;Film & Television,1.0,Art & Culture;Climate & Environment;Economics & Finance;Education;Film & Television
2024-05-13,2024-05-20,Art & Culture;Climate & Environment;Economics & Finance;Education;Film & Television,0.8,Art & Culture;Climate & Environment;Economics & Finance;Education;Film & Television,0.8,UCL & Campus;Art & Culture;Climate & Environment;Economics & Finance;Education
2024-05-20,2024-05-27,UCL & Campus;Art & Culture;Climate & Environment;Economics & Finance;Education,0.8,UCL & Campus;Art & Culture;Climate & Environment;Economics & Finance;Education,0.8,Art & Culture;Climate & Environment;Economics & Finance;Education;Film & Television
2024-05-27,2024-06-03,UCL & Campus;Art & Culture;Climate & Environment;Economics & Finance;Education,0.8,UCL & Campus;Art & Culture;Climate & Environment;Economics & Finance;Education,0.8,Art & Culture;Climate & Environment;Economics & Finance;Education;Film & Television
2024-06-03,2024-06-10,UCL & Campus;Art & Culture;Climate & Environment;Economics & Finance;Education,0.8,UCL & Campus;Art & Culture;Climate & Environment;Economics & Finance;Education,0.8,Art & Culture;Climate & Environment;Economics & Finance;Education;Film & Television
2024-06-10,2024-06-17,UCL & Campus;Art & Culture;Climate & Environment;Economics & Finance;Education,0.8,UCL & Campus;Art & Culture;Climate & Environment;Economics & Finance;Education,0.8,Art & Culture;Climate & Environment;Economics & Finance;Education;Film & Television
2024-06-17,2024-06-24,Art & Culture;Climate & Environment;Economics & Finance;Education;Film & Television,1.0,Art & Culture;Climate & Environment;Economics & Finance;Education;Film & Television,1.0,Art & Culture;Climate & Environment;Economics & Finance;Education;Film & Television
2024-06-24,2024-07-01,Art & Culture;Climate & Environment;Economics & Finance;Education;Film & Television,1.0,Art & Culture;Climate & Environment;Economics & Finance;Education;Film & Television,1.0,Art & Culture;Climate & Environment;Economics & Finance;Education;Film & Television
2024-07-01,2024-07-08,Art & Culture;Climate & Environment;Economics & Finance;Education;Film & Television,1.0,Art & Culture;Climate & Environment;Economics & Finance;Education;Film & Television,1.0,Art & Culture;Climate & Environment;Economics & Finance;Education;Film & Television
2024-07-08,2024-07-15,Art & Culture;Climate & Environment;Economics & Finance;Education;Film & Television,1.0,Art & Culture;Climate & Environment;Economics & Finance;Education;Film & Television,1.0,Art & Culture;Climate & Environment;Economics & Finance;Education;Film & Television
2024-07-15,2024-07-22,Art & Culture;Climate & Environment;Economics & Finance;Education;Film & Television,1.0,Art & Culture;Climate & Environment;Economics & Finance;Education;Film & Television,1.0,Art & Culture;Climate & Environment;Economics & Finance;Education;Film & Television
2024-07-22,2024-07-29,Art & Culture;Climate & Environment;Economics & Finance;Education;Film & Television,1.0,Art & Culture;Climate & Environment;Economics & Finance;Education;Film & Television,1.0,Art & Culture;Climate & Environment;Economics & Finance;Education;Film & Television
2024-07-29,2024-08-05,Art & Culture;Climate & Environment;Economics & Finance;Education;Film & Television,1.0,Art & Culture;Climate & Environment;Economics & Finance;Education;Film & Television,1.0,Art & Culture;Climate & Environment;Economics & Finance;Education;Film & Television
2024-08-05,2024-08-12,Art & Culture;Climate & Environment;Economics & Finance;Education;Film & Television,1.0,Art & Culture;Climate & Environment;Economics & Finance;Education;Film & Television,1.0,Art & Culture;Climate & Environment;Economics & Finance;Education;Film & Television
2024-08-12,2024-08-19,Art & Culture;Climate & Environment;Economics & Finance;Education;Film & Television,1.0,Art & Culture;Climate & Environment;Economics & Finance;Education;Film & Television,1.0,Art & Culture;Climate & Environment;Economics & Finance;Education;Film & Television
2024-08-19,2024-08-26,Art & Culture;Climate & Environment;Economics & Finance;Education;Film & Television,1.0,Art & Culture;Climate & Environment;Economics & Finance;Education;Film & Television,1.0,Art & Culture;Climate & Environment;Economics & Finance;Education;Film & Television
2024-08-26,2024-09-02,Art & Culture;Climate & Environment;Economics & Finance;Education;Film & Television,1.0,Art & Culture;Climate & Environment;Economics & Finance;Education;Film & Television,1.0,Art & Culture;Climate & Environment;Economics & Finance;Education;Film & Television
2024-09-02,2024-09-09,Art & Culture;Climate & Environment;Economics & Finance;Education;Film & Television,1.0,Art & Culture;Climate & Environment;Economics & Finance;Education;Film & Television,1.0,Art & Culture;Climate & Environment;Economics & Finance;Education;Film & Television
2024-09-09,2024-09-16,Art & Culture;Climate & Environment;Economics & Finance;Education;Film & Television,1.0,Art & Culture;Climate & Environment;Economics & Finance;Education;Film & Television,1.0,Art & Culture;Climate & Environment;Economics & Finance;Education;Film & Television
2024-09-16,2024-09-23,Art & Culture;Climate & Environment;Economics & Finance;Education;Film & Television,1.0,Art & Culture;Climate & Environment;Economics & Finance;Education;Film & Television,1.0,Art & Culture;Climate & Environment;Economics & Finance;Education;Film & Television
2024-09-23,2024-09-30,Art & Culture;Climate & Environment;Economics & Finance;Education;Film & Television,1.0,Art & Culture;Climate & Environment;Economics & Finance;Education;Film & Television,1.0,Art & Culture;Climate & Environment;Economics & Finance;Education;Film & Television
2024-09-30,2024-10-07,Art & Culture;Climate & Environment;Economics & Finance;Education;Film & Television,0.8,Art & Culture;Climate & Environment;Economics & Finance;Education;Film & Television,0.8,UK Politics;Art & Culture;Climate & Environment;Economics & Finance;Education
2024-10-07,2024-10-14,UK Politics;Art & Culture;Climate & Environment;Economics & Finance;Education,0.8,UK Politics;Art & Culture;Climate & Environment;Economics & Finance;Education,0.8,Art & Culture;Climate & Environment;Economics & Finance;Education;Film & Television
2024-10-14,2024-10-21,UK Politics;Art & Culture;Climate & Environment;Economics & Finance;Education,0.8,UK Politics;Art & Culture;Climate & Environment;Economics & Finance;Education,0.8,US & International Politics;Art & Culture;Climate & Environment;Economics & Finance;Education
2024-10-21,2024-10-28,UK Politics;US & International Politics;Art & Culture;Climate & Environment;Economics & Finance,1.0,UK Politics;US & International Politics;Art & Culture;Climate & Environment;Economics & Finance,1.0,UK Politics;US & International Politics;Art & Culture;Climate & Environment;Economics & Finance
2024-10-28,2024-11-04,UK Politics;US & International Politics;Art & Culture;Climate & Environment;Economics & Finance,0.6,UK Politics;US & International Politics;Art & Culture;Climate & Environment;Economics & Finance,0.6,Climate & Environment;Economics & Finance;Global Affairs & Geopolitics;Art & Culture;Education
2024-11-04,2024-11-11,US & International Politics;Climate & Environment;Economics & Finance;Global Affairs & Geopolitics;UK Politics,0.6,UK Politics;US & International Politics;Climate & Environment;Economics & Finance;Global Affairs & Geopolitics,0.6,UK Politics;Art & Culture;Climate & Environment;Economics & Finance;Education
2024-11-11,2024-11-18,US & International Politics;Climate & Environment;Economics & Finance;Global Affairs & Geopolitics;UK Politics,0.6,UK Politics;US & International Politics;Climate & Environment;Economics & Finance;Global Affairs & Geopolitics,0.6,Climate & Environment;US & International Politics;Art & Culture;Economics & Finance;Education
2024-11-18,2024-11-25,Climate & Environment;Economics & Finance;Global Affairs & Geopolitics;UK Politics;US & International Politics,0.6,UK Politics;Climate & Environment;US & International Politics;Economics & Finance;Global Affairs & Geopolitics,0.6,Global Affairs & Geopolitics;US & International Politics;Economics & Finance;Health & Medicine;Science & Technology
2024-11-25,2024-12-02,Global Affairs & Geopolitics;Climate & Environment;Economics & Finance;Health & Medicine;Science & Technology,0.4,Global Affairs & Geopolitics;US & International Politics;Climate & Environment;Economics & Finance;UK Politics,0.4,Art & Culture;Theatre & Visual Arts;UCL & Campus;Climate & Environment;Economics & Finance
2024-12-02,2024-12-09,Art & Culture;Health & Medicine;Science & Technology;Theatre & Visual Arts;UCL & Campus,0.4,US & International Politics;Global Affairs & Geopolitics;UK Politics;Art & Culture;Climate & Environment,0.4,Education;Science & Technology;Society & Identity;Art & Culture;Climate & Environment
2024-12-09,2024-12-16,Science & Technology;Art & Culture;Education;Health & Medicine;Society & Identity,0.4,US & International Politics;Global Affairs & Geopolitics;Science & Technology;Art & Culture;Climate & Environment,0.4,Health & Medicine;UK Politics;Art & Culture;Climate & Environment;Economics & Finance
2024-12-16,2024-12-23,Health & Medicine;Science & Technology;Art & Culture;Education;Society & Identity,0.4,Global Affairs & Geopolitics;Health & Medicine;Science & Technology;UK Politics;US & International Politics,0.6,Global Affairs & Geopolitics;Health & Medicine;Middle East & Global Conflict;US & International Politics;Art & Culture
2024-12-23,2024-12-30,Art & Culture;Education;Middle East & Global Conflict;Society & Identity;Theatre & Visual Arts,0.4,Health & Medicine;Art & Culture;Education;Global Affairs & Geopolitics;Middle East & Global Conflict,0.4,Art & Culture;Climate & Environment;Economics & Finance;Education;Film & Television
2024-12-30,2025-01-06,Education;Middle East & Global Conflict;Society & Identity;Health & Medicine;Science & Technology,0.2,Health & Medicine;Education;Global Affairs & Geopolitics;Middle East & Global Conflict;Science & Technology,0.2,Art & Culture;Climate & Environment;Economics & Finance;Education;Film & Television
2025-01-06,2025-01-13,Middle East & Global Conflict;Health & Medicine;Global Affairs & Geopolitics;UK Politics;US & International Politics,0.2,Health & Medicine;Global Affairs & Geopolitics;Middle East & Global Conflict;UK Politics;US & International Politics,0.2,Climate & Environment;US & International Politics;Art & Culture;Economics & Finance;Education
2025-01-13,2025-01-20,Middle East & Global Conflict;US & International Politics;Climate & Environment;Health & Medicine;Global Affairs & Geopolitics,0.2,US & International Politics;Climate & Environment;Global Affairs & Geopolitics;Health & Medicine;Middle East & Global Conflict,0.2,UCL & Campus;UK Politics;Art & Culture;Climate & Environment;Economics & Finance
2025-01-20,2025-01-27,UCL & Campus;Climate & Environment;UK Politics;US & International Politics;Art & Culture,0.4,Climate & Environment;UCL & Campus;UK Politics;US & International Politics;Art & Culture,0.4,Art & Culture;Climate & Environment;Economics & Finance;Education;Film & Television
2025-01-27,2025-02-03,Climate & Environment;UCL & Campus;UK Politics;US & International Politics;Art & Culture,0.4,Climate & Environment;UCL & Campus;UK Politics;US & International Politics;Art & Culture,0.4,Climate & Environment;Theatre & Visual Arts;Art & Culture;Economics & Finance;Education
2025-02-03,2025-02-10,Climate & Environment;Theatre & Visual Arts;UCL & Campus;UK Politics;US & International Politics,0.4,Climate & Environment;Theatre & Visual Arts;UCL & Campus;UK Politics;US & International Politics,0.4,UCL & Campus;Art & Culture;Education;Climate & Environment;Economics & Finance
2025-02-10,2025-02-17,UCL & Campus;Art & Culture;Climate & Environment;Education;Theatre & Visual Arts,0.6,UCL & Campus;Art & Culture;Climate & Environment;Education;Theatre & Visual Arts,0.6,Art & Culture;Climate & Environment;Economics & Finance;Education;Film & Television
2025-02-17,2025-02-24,UCL & Campus;Art & Culture;Climate & Environment;Education;Theatre & Visual Arts,0.6,UCL & Campus;Art & Culture;Climate & Environment;Education;Theatre & Visual Arts,0.6,Art & Culture;Climate & Environment;Economics & Finance;Education;Film & Television
2025-02-24,2025-03-03,Art & Culture;Theatre & Visual Arts;UCL & Campus;Climate & Environment;Education,0.6,UCL & Campus;Art & Culture;Climate & Environment;Education;Theatre & Visual Arts,0.6,UCL & Campus;Climate & Environment;Health & Medicine;Society & Identity;Theatre & Visual Arts
2025-03-03,2025-03-10,Art & Culture;Education;Society & Identity;UCL & Campus;Climate & Environment,0.4,UCL & Campus;Climate & Environment;Art & Culture;Education;Health & Medicine,0.6,Health & Medicine;Science & Technology;Art & Culture;Climate & Environment;Economics & Finance
2025-03-10,2025-03-17,Science & Technology;Society & Identity;Health & Medicine;UCL & Campus;Climate & Environment,0.4,UCL & Campus;Climate & Environment;Health & Medicine;Science & Technology;Society & Identity,0.4,Climate & Environment;UCL & Campus;US & International Politics;Art & Culture;Economics & Finance
2025-03-17,2025-03-24,Health & Medicine;Science & Technology;Society & Identity;Climate & Environment;UCL & Campus,0.4,UCL & Campus;Climate & Environment;Health & Medicine;Science & Technology;Society & Identity,0.4,UCL & Campus;Art & Culture;Climate & Environment;Economics & Finance;Education
2025-03-24,2025-03-31,Health & Medicine;Science & Technology;Society & Identity;UCL & Campus;Climate & Environment,0.2,UCL & Campus;Climate & Environment;Health & Medicine;Science & Technology;Society & Identity,0.2,Art & Culture;Climate & Environment;Economics & Finance;Education;Film & Television
2025-03-31,2025-04-07,Science & Technology;Health & Medicine;US & International Politics;UCL & Campus;Climate & Environment,0.2,UCL & Campus;Climate & Environment;Health & Medicine;Science & Technology;US & International Politics,0.2,Sport & Varsity;Art & Culture;Climate & Environment;Economics & Finance;Education
2025-04-07,2025-04-14,Sport & Varsity;US & International Politics;UCL & Campus;Climate & Environment;Art & Culture,0.4,Sport & Varsity;UCL & Campus;Climate & Environment;US & International Politics;Art & Culture,0.4,Art & Culture;Climate & Environment;Economics & Finance;Education;Film & Television
2025-04-14,2025-04-21,Sport & Varsity;UCL & Campus;Art & Culture;Climate & Environment;Economics & Finance,0.6,Sport & Varsity;UCL & Campus;Art & Culture;Climate & Environment;Economics & Finance,0.6,Art & Culture;Climate & Environment;Economics & Finance;Education;Film & Television
2025-04-21,2025-04-28,Sport & Varsity;Art & Culture;Climate & Environment;Economics & Finance;Education,0.8,Sport & Varsity;Art & Culture;Climate & Environment;Economics & Finance;Education,0.8,Sport & Varsity;UCL & Campus;Art & Culture;Climate & Environment;Economics & Finance
2025-04-28,2025-05-05,Sport & Varsity;UCL & Campus;Art & Culture;Climate & Environment;Economics & Finance,0.6,Sport & Varsity;UCL & Campus;Art & Culture;Climate & Environment;Economics & Finance,0.6,Art & Culture;Climate & Environment;Economics & Finance;Education;Film & Television
2025-05-05,2025-05-12,Sport & Varsity;UCL & Campus;Art & Culture;Climate & Environment;Economics & Finance,0.6,Sport & Varsity;UCL & Campus;Art & Culture;Climate & Environment;Economics & Finance,0.6,Art & Culture;Climate & Environment;Economics & Finance;Education;Film & Television
2025-05-12,2025-05-19,Sport & Varsity;UCL & Campus;Art & Culture;Climate & Environment;Economics & Finance,0.6,Sport & Varsity;UCL & Campus;Art & Culture;Climate & Environment;Economics & Finance,0.6,Art & Culture;Climate & Environment;Economics & Finance;Education;Film & Television
2025-05-19,2025-05-26,Sport & Varsity;UCL & Campus;Art & Culture;Climate & Environment;Economics & Finance,0.6,Sport & Varsity;UCL & Campus;Art & Culture;Climate & Environment;Economics & Finance,0.6,Art & Culture;Climate & Environment;Economics & Finance;Education;Film & Television
2025-05-26,2025-06-02,Art & Culture;Climate & Environment;Economics & Finance;Education;Film & Television,1.0,Art & Culture;Climate & Environment;Economics & Finance;Education;Film & Television,1.0,Art & Culture;Climate & Environment;Economics & Finance;Education;Film & Television
2025-06-02,2025-06-09,Art & Culture;Climate & Environment;Economics & Finance;Education;Film & Television,0.6,Art & Culture;Climate & Environment;Economics & Finance;Education;Film & Television,0.6,Society & Identity;UCL & Campus;Art & Culture;Climate & Environment;Economics & Finance
2025-06-09,2025-06-16,Society & Identity;UCL & Campus;Art & Culture;Climate & Environment;Economics & Finance,0.6,Society & Identity;UCL & Campus;Art & Culture;Climate & Environment;Economics & Finance,0.6,Art & Culture;Climate & Environment;Economics & Finance;Education;Film & Television
2025-06-16,2025-06-23,Society & Identity;UCL & Campus;Art & Culture;Climate & Environment;Economics & Finance,0.6,Society & Identity;UCL & Campus;Art & Culture;Climate & Environment;Economics & Finance,0.6,Art & Culture;Climate & Environment;Economics & Finance;Education;Film & Television
2025-06-23,2025-06-30,Society & Identity;UCL & Campus;Art & Culture;Climate & Environment;Economics & Finance,0.6,Society & Identity;UCL & Campus;Art & Culture;Climate & Environment;Economics & Finance,0.6,Art & Culture;Climate & Environment;Economics & Finance;Education;Film & Television
2025-06-30,2025-07-07,Society & Identity;UCL & Campus;Art & Culture;Climate & Environment;Economics & Finance,0.6,Society & Identity;UCL & Campus;Art & Culture;Climate & Environment;Economics & Finance,0.6,Art & Culture;Climate & Environment;Economics & Finance;Education;Film & Television
2025-07-07,2025-07-14,Art & Culture;Climate & Environment;Economics & Finance;Education;Film & Television,1.0,Art & Culture;Climate & Environment;Economics & Finance;Education;Film & Television,1.0,Art & Culture;Climate & Environment;Economics & Finance;Education;Film & Television
2025-07-14,2025-07-21,Art & Culture;Climate & Environment;Economics & Finance;Education;Film & Television,1.0,Art & Culture;Climate & Environment;Economics & Finance;Education;Film & Television,1.0,Art & Culture;Climate & Environment;Economics & Finance;Education;Film & Television
2025-07-21,2025-07-28,Art & Culture;Climate & Environment;Economics & Finance;Education;Film & Television,1.0,Art & Culture;Climate & Environment;Economics & Finance;Education;Film & Television,1.0,Art & Culture;Climate & Environment;Economics & Finance;Education;Film & Television
2025-07-28,2025-08-04,Art & Culture;Climate & Environment;Economics & Finance;Education;Film & Television,1.0,Art & Culture;Climate & Environment;Economics & Finance;Education;Film & Television,1.0,Art & Culture;Climate & Environment;Economics & Finance;Education;Film & Television
2025-08-04,2025-08-11,Art & Culture;Climate & Environment;Economics & Finance;Education;Film & Television,1.0,Art & Culture;Climate & Environment;Economics & Finance;Education;Film & Television,1.0,Art & Culture;Climate & Environment;Economics & Finance;Education;Film & Television
2025-08-11,2025-08-18,Art & Culture;Climate & Environment;Economics & Finance;Education;Film & Television,1.0,Art & Culture;Climate & Environment;Economics & Finance;Education;Film & Television,1.0,Art & Culture;Climate & Environment;Economics & Finance;Education;Film & Television
2025-08-18,2025-08-25,Art & Culture;Climate & Environment;Economics & Finance;Education;Film & Television,1.0,Art & Culture;Climate & Environment;Economics & Finance;Education;Film & Television,1.0,Art & Culture;Climate & Environment;Economics & Finance;Education;Film & Television
2025-08-25,2025-09-01,Art & Culture;Climate & Environment;Economics & Finance;Education;Film & Television,1.0,Art & Culture;Climate & Environment;Economics & Finance;Education;Film & Television,1.0,Art & Culture;Climate & Environment;Economics & Finance;Education;Film & Television
2025-09-01,2025-09-08,Art & Culture;Climate & Environment;Economics & Finance;Education;Film & Television,1.0,Art & Culture;Climate & Environment;Economics & Finance;Education;Film & Television,1.0,Art & Culture;Climate & Environment;Economics & Finance;Education;Film & Television
2025-09-08,2025-09-15,Art & Culture;Climate & Environment;Economics & Finance;Education;Film & Television,1.0,Art & Culture;Climate & Environment;Economics & Finance;Education;Film & Television,1.0,Art & Culture;Climate & Environment;Economics & Finance;Education;Film & Television
2025-09-15,2025-09-22,Art & Culture;Climate & Environment;Economics & Finance;Education;Film & Television,1.0,Art & Culture;Climate & Environment;Economics & Finance;Education;Film & Television,1.0,Art & Culture;Climate & Environment;Economics & Finance;Education;Film & Television
2025-09-22,2025-09-29,Art & Culture;Climate & Environment;Economics & Finance;Education;Film & Television,1.0,Art & Culture;Climate & Environment;Economics & Finance;Education;Film & Television,1.0,Art & Culture;Climate & Environment;Economics & Finance;Education;Film & Television
2025-09-29,2025-10-06,Art & Culture;Climate & Environment;Economics & Finance;Education;Film & Television,1.0,Art & Culture;Climate & Environment;Economics & Finance;Education;Film & Television,1.0,Art & Culture;Climate & Environment;Economics & Finance;Education;Film & Television
2025-10-06,2025-10-13,Art & Culture;Climate & Environment;Economics & Finance;Education;Film & Television,1.0,Art & Culture;Climate & Environment;Economics & Finance;Education;Film & Television,1.0,Art & Culture;Climate & Environment;Economics & Finance;Education;Film & Television
2025-10-13,2025-10-20,Art & Culture;Climate & Environment;Economics & Finance;Education;Film & Television,1.0,Art & Culture;Climate & Environment;Economics & Finance;Education;Film & Television,1.0,Art & Culture;Climate & Environment;Economics & Finance;Education;Film & Television
2025-10-20,2025-10-27,Art & Culture;Climate & Environment;Economics & Finance;Education;Film & Television,1.0,Art & Culture;Climate & Environment;Economics & Finance;Education;Film & Television,1.0,Art & Culture;Climate & Environment;Economics & Finance;Education;Film & Television
2025-10-27,2025-11-03,Art & Culture;Climate & Environment;Economics & Finance;Education;Film & Television,1.0,Art & Culture;Climate & Environment;Economics & Finance;Education;Film & Television,1.0,Art & Culture;Climate & Environment;Economics & Finance;Education;Film & Television
2025-11-03,2025-11-10,Art & Culture;Climate & Environment;Economics & Finance;Education;Film & Television,1.0,Art & Culture;Climate & Environment;Economics & Finance;Education;Film & Television,1.0,Art & Culture;Climate & Environment;Economics & Finance;Education;Film & Television
2025-11-10,2025-11-17,Art & Culture;Climate & Environment;Economics & Finance;Education;Film & Television,1.0,Art & Culture;Climate & Environment;Economics & Finance;Education;Film & Television,1.0,Art & Culture;Climate & Environment;Economics & Finance;Education;Film & Television
2025-11-17,2025-11-24,Art & Culture;Climate & Environment;Economics & Finance;Education;Film & Television,1.0,Art & Culture;Climate & Environment;Economics & Finance;Education;Film & Television,1.0,Art & Culture;Climate & Environment;Economics & Finance;Education;Film & Television
2025-11-24,2025-12-01,Art & Culture;Climate & Environment;Economics & Finance;Education;Film & Television,1.0,Art & Culture;Climate & Environment;Economics & Finance;Education;Film & Television,1.0,Art & Culture;Climate & Environment;Economics & Finance;Education;Film & Television
2025-12-01,2025-12-08,Art & Culture;Climate & Environment;Economics & Finance;Education;Film & Television,1.0,Art & Culture;Climate & Environment;Economics & Finance;Education;Film & Television,1.0,Art & Culture;Climate & Environment;Economics & Finance;Education;Film & Television
2025-12-08,2025-12-15,Art & Culture;Climate & Environment;Economics & Finance;Education;Film & Television,0.6,Art & Culture;Climate & Environment;Economics & Finance;Education;Film & Television,0.6,Sport & Varsity;UCL & Campus;Art & Culture;Climate & Environment;Economics & Finance
2025-12-15,2025-12-22,Sport & Varsity;UCL & Campus;Art & Culture;Climate & Environment;Economics & Finance,0.8,Sport & Varsity;UCL & Campus;Art & Culture;Climate & Environment;Economics & Finance,0.8,Society & Identity;Sport & Varsity;Art & Culture;Climate & Environment;Economics & Finance
2025-12-22,2025-12-29,Society & Identity;Sport & Varsity;UCL & Campus;Art & Culture;Climate & Environment,0.4,Society & Identity;Sport & Varsity;UCL & Campus;Art & Culture;Climate & Environment,0.4,Art & Culture;Climate & Environment;Economics & Finance;Education;Film & Television
2025-12-29,2026-01-05,Society & Identity;Sport & Varsity;UCL & Campus;Art & Culture;Climate & Environment,0.4,Society & Identity;Sport & Varsity;UCL & Campus;Art & Culture;Climate & Environment,0.4,Society & Identity;Film & Television;Middle East & Global Conflict;Sport & Varsity;Global Affairs & Geopolitics
2026-01-05,2026-01-12,Society & Identity;Sport & Varsity;Film & Television;Middle East & Global Conflict;Global Affairs & Geopolitics,0.6,Society & Identity;Sport & Varsity;Film & Television;Middle East & Global Conflict;Global Affairs & Geopolitics,0.6,"Society & Identity;Film & Television;Lifestyle, Food & Travel;Sport & Varsity;Theatre & Visual Arts"
2026-01-12,2026-01-19,"Society & Identity;Film & Television;Lifestyle, Food & Travel;Middle East & Global Conflict;Global Affairs & Geopolitics",0.4,"Society & Identity;Sport & Varsity;Film & Television;Lifestyle, Food & Travel;Middle East & Global Conflict",0.4,Society & Identity;US & International Politics;Middle East & Global Conflict;UK Politics;Art & Culture
2026-01-19,2026-01-26,"Film & Television;Middle East & Global Conflict;US & International Politics;Lifestyle, Food & Travel;Science & Technology",0.4,Society & Identity;Film & Television;Middle East & Global Conflict;Sport & Varsity;US & International Politics,0.4,"Film & Television;Society & Identity;Climate & Environment;Global Affairs & Geopolitics;Lifestyle, Food & Travel"
2026-01-26,2026-02-02,"Film & Television;Middle East & Global Conflict;Lifestyle, Food & Travel;Science & Technology;US & International Politics",0.2,"Society & Identity;Film & Television;Sport & Varsity;Middle East & Global Conflict;Lifestyle, Food & Travel",0.4,"Society & Identity;UK Politics;Climate & Environment;Lifestyle, Food & Travel;UCL & Campus"
2026-02-02,2026-02-09,UK Politics;US & International Politics;Climate & Environment;Art & Culture;Theatre & Visual Arts,0.2,"Society & Identity;Film & Television;UK Politics;US & International Politics;Lifestyle, Food & Travel",0.6,Society & Identity;Sport & Varsity;US & International Politics;Global Affairs & Geopolitics;Film & Television
2026-02-09,2026-02-16,US & International Politics;UK Politics;Art & Culture;Climate & Environment;Economics & Finance,0.4,"Society & Identity;US & International Politics;Film & Television;Sport & Varsity;Lifestyle, Food & Travel",0.6,"Society & Identity;Economics & Finance;Lifestyle, Food & Travel;Middle East & Global Conflict;US & International Politics"
2026-02-16,2026-02-23,Climate & Environment;Economics & Finance;Education;Health & Medicine;Global Affairs & Geopolitics,0.2,"Society & Identity;Film & Television;US & International Politics;Lifestyle, Food & Travel;Sport & Varsity",0.6,"Society & Identity;Lifestyle, Food & Travel;Global Affairs & Geopolitics;UK Politics;US & International Politics"
2026-02-23,2026-03-02,Economics & Finance;Education;Health & Medicine;US & International Politics;Global Affairs & Geopolitics,0.4,"Society & Identity;US & International Politics;Lifestyle, Food & Travel;Sport & Varsity;Global Affairs & Geopolitics",0.6,Film & Television;Society & Identity;Global Affairs & Geopolitics;Middle East & Global Conflict;US & International Politics
2026-03-02,2026-03-09,Economics & Finance;Health & Medicine;Global Affairs & Geopolitics;US & International Politics;Education,0.0,"Society & Identity;US & International Politics;Global Affairs & Geopolitics;Lifestyle, Food & Travel;Sport & Varsity",0.6,"Film & Television;Lifestyle, Food & Travel;Middle East & Global Conflict;Society & Identity;Sport & Varsity"
2026-03-09,2026-03-16,"Lifestyle, Food & Travel;Economics & Finance;Middle East & Global Conflict;Global Affairs & Geopolitics;UK Politics",0.0,"Society & Identity;Lifestyle, Food & Travel;Film & Television;US & International Politics;Middle East & Global Conflict",0.4,Society & Identity;UCL & Campus;US & International Politics;Art & Culture;Climate & Environment
2026-03-16,2026-03-23,"UCL & Campus;Lifestyle, Food & Travel;UK Politics;Global Affairs & Geopolitics;Economics & Finance",0.2,"Society & Identity;Lifestyle, Food & Travel;Film & Television;US & International Politics;Middle East & Global Conflict",0.2,Art & Culture;Climate & Environment;Economics & Finance;Education;Film & Television
2026-03-23,2026-03-30,"UCL & Campus;Film & Television;Middle East & Global Conflict;Lifestyle, Food & Travel;US & International Politics",0.2,"Society & Identity;Film & Television;Lifestyle, Food & Travel;Middle East & Global Conflict;US & International Politics",0.2,"Lifestyle, Food & Travel;Art & Culture;Climate & Environment;Economics & Finance;Education"
2026-03-30,2026-04-06,"UCL & Campus;Lifestyle, Food & Travel;Middle East & Global Conflict;Film & Television;Art & Culture",0.4,"Lifestyle, Food & Travel;Society & Identity;Film & Television;Middle East & Global Conflict;US & International Politics",0.2,Art & Culture;Climate & Environment;Economics & Finance;Education;Film & Television
2026-04-06,2026-04-13,"UCL & Campus;Art & Culture;Climate & Environment;Economics & Finance;Lifestyle, Food & Travel",0.4,"Lifestyle, Food & Travel;Society & Identity;UCL & Campus;US & International Politics;Art & Culture",0.4,Sport & Varsity;Art & Culture;Climate & Environment;Film & Television;Society & Identity
2026-04-13,2026-04-20,"Art & Culture;Climate & Environment;Sport & Varsity;Lifestyle, Food & Travel;Film & Television",0.6,"Lifestyle, Food & Travel;Sport & Varsity;Art & Culture;Climate & Environment;Film & Television",0.6,Art & Culture;Climate & Environment;Economics & Finance;Education;Film & Television
2026-04-20,2026-04-27,"Art & Culture;Climate & Environment;Sport & Varsity;Lifestyle, Food & Travel;Film & Television",0.6,"Lifestyle, Food & Travel;Sport & Varsity;Art & Culture;Climate & Environment;Film & Television",0.6,Art & Culture;Climate & Environment;Economics & Finance;Education;Film & Television
2026-04-27,2026-05-04,Climate & Environment;Art & Culture;Sport & Varsity;Film & Television;Society & Identity,0.4,Sport & Varsity;Art & Culture;Climate & Environment;Film & Television;Society & Identity,0.4,Theatre & Visual Arts;Art & Culture;Climate & Environment;Economics & Finance;Education
2026-05-04,2026-05-11,Art & Culture;Climate & Environment;Theatre & Visual Arts;Sport & Varsity;Film & Television,0.6,Sport & Varsity;Art & Culture;Climate & Environment;Film & Television;Society & Identity,0.6,Art & Culture;Climate & Environment;Economics & Finance;Education;Film & Television
2026-05-11,2026-05-18,Theatre & Visual Arts;Art & Culture;Climate & Environment;Economics & Finance;Education,0.8,Theatre & Visual Arts;Art & Culture;Climate & Environment;Economics & Finance;Education,0.8,Art & Culture;Climate & Environment;Economics & Finance;Education;Film & Television
2026-05-18,2026-05-25,Theatre & Visual Arts;Art & Culture;Climate & Environment;Economics & Finance;Education,0.8,Theatre & Visual Arts;Art & Culture;Climate & Environment;Economics & Finance;Education,0.8,Art & Culture;Climate & Environment;Economics & Finance;Education;Film & Television
2026-05-25,2026-06-01,Theatre & Visual Arts;Art & Culture;Climate & Environment;Economics & Finance;Education,0.8,Theatre & Visual Arts;Art & Culture;Climate & Environment;Economics & Finance;Education,0.8,Sport & Varsity;Theatre & Visual Arts;Art & Culture;Climate & Environment;Economics & Finance
2026-06-01,2026-06-08,Theatre & Visual Arts;Sport & Varsity;Art & Culture;Climate & Environment;Economics & Finance,0.6,Sport & Varsity;Theatre & Visual Arts;Art & Culture;Climate & Environment;Economics & Finance,0.6,Art & Culture;Climate & Environment;Economics & Finance;Education;Film & Television
2026-06-08,2026-06-15,Theatre & Visual Arts;Sport & Varsity;Art & Culture;Climate & Environment;Economics & Finance,0.6,Sport & Varsity;Theatre & Visual Arts;Art & Culture;Climate & Environment;Economics & Finance,0.6,Art & Culture;Climate & Environment;Economics & Finance;Education;Film & Television
2026-06-15,2026-06-22,Theatre & Visual Arts;Sport & Varsity;Art & Culture;Climate & Environment;Economics & Finance,0.6,Sport & Varsity;Theatre & Visual Arts;Art & Culture;Climate & Environment;Economics & Finance,0.6,Art & Culture;Climate & Environment;Economics & Finance;Education;Film & Television
2026-06-22,2026-06-29,Theatre & Visual Arts;Sport & Varsity;Art & Culture;Climate & Environment;Economics & Finance,0.8,Sport & Varsity;Theatre & Visual Arts;Art & Culture;Climate & Environment;Economics & Finance,0.8,Science & Technology;Theatre & Visual Arts;Art & Culture;Climate & Environment;Economics & Finance
