article_id,date,title,author,section,topic,tags,featured,url
PI0001,2015-11-08,The IB: A Brave New Education,Thomas Hollands,Opinion,,Education,,
PI0002,2016-02-04,American Football Touches Down on UCL Soil,JP Casey,News,,Sport,,
PI0003,2016-03-06,UCL Men's Hockey Triumph,Jake Bullock,News,,"Sport, Varsity",,
PI0004,2016-03-06,UCL Women's Hockey give King's a run for their money,Joe Andreyev,News,,"Sport, Varsity",,
PI0005,2016-03-07,UCL Badminton have a nail-biting finish to Varsity,Ifkar Arifin,News,,"Sport, Varsity",,
PI0006,2016-03-08,Netball Varsity: KCL versus UCL,Harry Leitch,News,,"Sport, Varsity",,
PI0007,2016-03-08,UCL Serve King's a Maiden Varsity Tennis Defeat,Henry Hill,News,,"Sport, Varsity",,
PI0008,2016-03-08,UCL swims to victory at Varsity,Gah-Kai Leung,News,,"Sport, Varsity",,
PI0009,2016-11-20,Educational equality can heal our society,James Bennett,Opinion,,Education,,
PI0010,2019-10-31,UCL launches smoke-free scheme,Tharani Ahillan,News,,"Health, Smoking, Smoke-Free UCL",,
PI0011,2019-11-09,Highlights from the UCL Political Societies’ Environmental Debate,Tom Cross,News,,"Environment, Climate Crisis, Politics",,
PI0012,2019-11-22,Freshernomics,Hannah Buttle,Lifestyle & Culture,,"Freshers, Economics, Comedy",,
PI0013,2019-12-03,A shift to sustainability,Daria Mosolova,News,,"Environment, climate crisis",,
PI0014,2019-12-03,Autumn Research Round-Up,Pi Media,Science and Tech,,"Research, Environment, Chemistry, Technology, Mental Health",,
PI0015,2019-12-03,Food tech champions,Barnabé Colin,Science and Tech,,"Environment, climate crisis",,
PI0016,2019-12-03,Is Russia finally waking up to climate change?,Lizzy Nidz,Features,,"Environment, climate crisis, Russia",,
PI0017,2019-12-17,The power of grapefruit,Winston Zhu,Science and Tech,,"food, medication, Health",,
PI0018,2019-12-20,When heroes fall,Marisol Acuna,Features,,Sport,,
PI0019,2019-12-31,What can we learn from the 2010s?,Nikolas Koch,Opinion,,"Technology, climate crisis, politics, Environment",,
PI0020,2020-01-10,Australia is burning. So what can we do?,Olivia Olphin,Opinion,,"Environment, Climate Crisis",,
PI0021,2020-01-10,"The cries of the unborn grow stronger, but are we listening?",Olivia Ward-Jackson,Opinion,,"Environment, climate crisis",,
PI0022,2020-01-15,Are we there yet? Wallace and Gromit creators join Greenpeace to tackle the climate crisis,Sam Vladimirsky,Old Culture,,"Environment, climate crisis, TV and Film",,
PI0023,2020-01-20,A doctor like me,Tharani Ahillan,Science and Tech,,"Diversity, medicine, health",,
PI0024,2020-03-05,Tu’bishvat: why “Jewish Earth Day” is more than just tree-hugging,Aaron Seitler,Opinion,,Environment,,
PI0025,2020-03-08,Varsity Women's Hockey: UCL punished by strong King’s team,Matt Cross,News,,"Varsity, Sport, Hockey",,
PI0026,2020-03-10,How will Brexit impact language learning in the UK?,Isobel Helme,Opinion,,"Brexit, language, Erasmus, Education",,
PI0027,2020-03-11,Varsity Climbing: UCL beats KCL in first ever competition,Felicia Hu,News,,"Varsity, Sport, Climbing",,
PI0028,2020-03-12,Varsity Men's Basketball: last-minute win for UCL,Anna Vall Navés,News,,"Sport, Varsity, Basketball",,
PI0029,2020-03-12,Varsity Tennis: victory for UCL,Pi Media,News,,"Sport, Varsity, Tennis",,
PI0030,2020-03-16,Gender and sexuality: breaking down the taboo through education,Isabelle Osborne,Opinion,,"LGBT, Education, Politics, LGBT history month",,
PI0031,2020-03-18,Governor of the Bank of England speaks at UCL,Daria Mosolova,News,,"Economics, Bank of England, Climate Crisis",,
PI0032,2020-06-12,Post-pandemic economic policy: where next?,Owen Groves,Opinion,,"Covid-19, Inequality, Economics",,
PI0033,2020-06-23,Confronting and dismantling white privilege,Katie Sperring,Features,,"Black Lives Matter, Racism, Education",,
PI0034,2020-06-23,"Decolonising the curriculum: the 'male, pale and stale' voices that need to be banished",Katie Sperring,Opinion,,"Education, Higher Education, Black Lives Matter, Civil rights, Inequality",,
PI0035,2020-08-20,A-Level results U-turn: students to receive teacher-estimated grades,Gabriel Roberts,News,,"Education, Higher Education, UK politics",,
PI0036,2020-11-06,Gut microbes: our friends not our foes,Kevin Yu,Science and Tech,,Health,,
PI0037,2021-07-07,Athletes and the struggle to talk openly about mental health,Alexander Hancock,Opinion,,"Mental Health, Sport, Tennis",,
PI0038,2021-09-05,Summer Rugby Internationals match report: Wales vs. Argentina,Morgan Roberts,Features,,"Rugby, Sport",,
PI0039,2022-10-07,‘Inspiring Walt Disney’ at the Wallace Collection,Rebecca Weigler,Lifestyle & Culture,,Exhibitions,,
PI0040,2022-10-31,Cecilia Vicuña’s Brain Forest Quipu at Tate Modern,Isobel Knight,Lifestyle & Culture,,"Exhibitions, Art",,
PI0041,2022-11-15,Editorial Issue 2: Social Media Platforms Are a Headache to Own- Who Wants to Buy Them and Does it Matter?,Pi Media,Editorial,,"Social Media, Technology",,
PI0042,2022-12-06,"US, China and The Battle for Semiconductor Supremacy",Kacper Liskiewicz,Opinion,,"US, China, Trade War, Technology",,
PI0043,2022-12-09,The 2022 Turner Prize,Adya Chetiya,Lifestyle & Culture,,"Exhibitions, Art, Museums and Art",,
PI0044,2023-01-25,"Current Teacher Shortages Might Hinder Rishi Sunak's ""Maths-to-18"" Plan",Ekaterina Dudakova,News,,Education; UK politics,,
PI0045,2023-01-25,"Current Teacher Shortages Might Hinder Rishi Sunak’s ""Maths-to-18"" Plan",Ekaterina Dudakova,News,,"Education, UK politics",,
PI0046,2023-01-25,The Current Teacher Shortage and What it Means for the Future of Education,Amelia Cooper,News,,Education,,
PI0047,2023-01-31,Tár Review – Acerbic Composer’s Fall From Grace Captures American Cinema’s Identity Crisis,Will Palmer,Lifestyle & Culture,,"TV and Film, US",,
PI0048,2023-02-15,Walking a Tightrope: The Complex Future of US-China Relations,Keziah Cho,Opinion,,"China, US, politics",,
PI0049,2023-03-08,Editorial Issue 7: Why the UK Government Should Not Cap International Student Places,Pi Media,Editorial,,UK politics,,
PI0050,2023-03-22,The End of an Era: Examining the Uncertain Future of a Dis-United Kingdom,Alex McQuibban,Opinion,,United Kingdom; UK politics,,
PI0051,2023-03-22,UCL To Develop £15m School Language Learning Programme,Laura Jackson,News,,language; UK; UK politics; UCL,,
PI0052,2023-09-30,London on a Budget: Tips for Making Extra Money,Zoë Dahse,Lifestyle & Culture,,Job Search; Finance; Student Life,,
PI0053,2023-10-19,AI language models support schizophrenia diagnosis: What does this mean for the future of psychiatry?,Maria Witczak,Science and Tech,,medicine; Research,,
PI0054,2023-10-20,UCL Friends of Israel organise vigil for fallen Israelis,Edouard De Bray,News,,"UCL Society, Israel, Israel-Gaza, Vigil",,
PI0055,2023-10-24,Our Students’ Union: celebrating 130 years,Conor Walsh,Features,,Student Union; Anniversary; UCL's Student Union,,
PI0056,2023-10-24,UCL Careers Fair receives mixed reviews from students,Benjamin Liu,News,,Careers; UCL; UCL Careers; Events; Professional Development; Recruitment; tech; law; Technology; Data; IT; IT Careers; Careers in Data; Law Careers; Management Careers; Consultancy; Management Consultancy; Banking; Economics; Finance; Banking Careers; Finance Careers; Economics Careers; Management Consultancy Careers,,
PI0057,2023-10-25,UCL Student Rep Elections: What’s Next?,Lewis Potts,News,,UCL; UCL's Student Union; Elections,,
PI0058,2023-11-10,How the West’s exploitation of Natural Resources is Fuelling a Silent Genocide in Congo,Milla Daubert,Opinion,,"Democratic Republic of Congo, Africa, Rwanda, Genocide, Postcolonialism",,
PI0059,2023-11-12,"Tate Britain: ""Women in Revolt!"" Exhibition Review",Emily Whitchurch,Lifestyle & Culture,,"Exhibitions, Art, Tate Britain, London",,
PI0060,2023-11-20,UCL Marxist Society Suspended Over “Controversial” Posters,Ammara Aslam,News,,Student Union; UCL's Student Union; Israel; Israel-Gaza; Palestine; UCL; UCL news; London News; Marxist Society,,
PI0061,2023-11-25,Festival of lights: how UCL celebrated Diwali,Layla Quaedvlieg,News,,"Diwali, Deepavali, UCL, UCL Society, culture, Cultural societies, News, UCL News",,
PI0062,2023-12-18,The upcoming UCL Leaders Conference will put technology in the spotlight,Benjamin Liu,News,,"UCL news, UCL Society, Leaders Conference, Student Experience, Technology",,
PI0063,2024-01-17,Beyond the White Cube: International Body of Art hosts launch event in Russell Square,Keziah Cho,Lifestyle & Culture,,International Body of Art; Art; Exhibitions,,
PI0064,2024-01-29,As Terrible as God: Drama society’s term one production,Ammara Aslam,Lifestyle & Culture,,"Review, News and media, News, UCL Shows, UCL DramaSoc, UCL Society, UCL, Drama Society, Theatre",,
PI0065,2024-01-31,GmbH: The ‘cooperation’ that exists as a medium for fashion and politics,Milla Waldron,Lifestyle & Culture,,politics; Fashion; Art,,
PI0066,2024-02-09,Editorial Issue 11: Tory Soc 'sinks' to new lows,"Emily Whitchurch, Juliette Rapp, Meriel Wehner, Sophie Rogers, Tricia Teo",Editorial,,UCL News; Tory Society; Conservative Party; Rwanda; Yemen; Debate; Student Union,,
PI0067,2024-02-12,Caught ‘port’ handed: UCL Tory soc violate their suspension,Conor Walsh,News,,UCL news; Tory Society; Conservative Party; UCL's Student Union,,
PI0068,2024-02-12,Ethnic tension in Sudan,Amaia Echebarrieta,Features,,"Sudan, Civil War, human rights, Conflict, War, racism, colonialism, Postcolonialism, refugee, Humanitarian crisis, United Nations, Slavery, Genocide, darfur, humanitarian aid, Human Rights",,
PI0069,2024-02-12,Navigating the vagus nerve: from former explorations to novel therapeutic frontiers,Ridaa Mughal,Science and Tech,,neuroscience; medicine,,
PI0070,2024-02-13,UCL Jazz Society’s Fusions: the joy of arts,Celine Effendi,Lifestyle & Culture,,UCL Student; UCL's Student Union,,
PI0071,2024-02-16,Review of UCL Drama Society’s ‘Little Brogues’,Dan Illis,Lifestyle & Culture,,Review; Student Union; UCL's Student Union; Theatre,,
PI0072,2024-02-26,Review: UCLMT’s ‘The Producers’,Coco Kemp-Welch,Lifestyle & Culture,,UCL Society; UCL's Student Union; Theatre; London theatre,,
PI0073,2024-03-07,Potential Breakthrough in the Treatment of Type 1 Diabetes,Sumedha Garyali,Science and Tech,,science; diabetes; medicine; health care,,
PI0074,2024-03-13,UK cancer treatment falls behind other countries,Alex Ford,Science and Tech,,Cancer; NHS; UK politics,,
PI0075,2024-03-17,A future unemployed person’s careers guide,Felix Wallis,Lifestyle & Culture,,"Unemployment, Careers, UCL, Student Life, Consultancy",,
PI0076,2024-05-23,Navigating Challenges: Mary McHarg’s Presidency,Edouard De Bray,Features,,"Mary McHarg, Student Union President, Student Life, Student Support, Student Union",,
PI0077,2024-10-11,100 days of Labour: A Rough Transition from Opposition to Government,Lucy Reade,Opinion,,UK politics; Keir Starmer; Labour Party; Tory Party; UK government; Prime Minister; Parliament,,
PI0078,2024-10-25,Trump’s Fascistic Fantasy Falls Further Into Focus,Alec Oliver,Opinion,,2024 US Presidential Elections; US Politics; Trump; Politics; Elections,,
PI0079,2024-10-31,The Tory Leadership Race: A Gamble That Won’t Pay Off,Lucy Reade,Opinion,,UK Politics; United Kingdom; Conservatives; Conservative Party; Politics,,
PI0080,2024-11-02,Trump’s Fascistic Fantasy Falls Further Into Focus,Alec Oliver,Opinion,,2024 US Presidential Elections; US Politics; Trump; Politics; Elections,,
PI0081,2024-11-02,"Women Can Be Autocrats, Too? Responding to the Gendered Paternalism of US Narratives Around Claudia Sheinbaum",Jack Phillips,Opinion,,Mexico; Rule of Law; Politics; Elections; USA; North America,,
PI0082,2024-11-08,Oil in Guyana: A Blessing or a Curse?,Sara Kapoor,Features,,Politics; Economics; International Relations; Environment; diplomacy,,
PI0083,2024-11-15,Our House Party: Derrick Ellorm’s Grassroots Movement for Local Change,Caroline Hendrickson,Features,,Political Movement; UK politics; Grassroots; reforms; Biography,,
PI0084,2024-11-18,Trump Will Subject States’ Rights to His Hypocrisy,Tomás Quintino Gouveia,Opinion,,Donald Trump; Presidency; US Politics; 2024 US Presidential Elections; Politics; Elections; Policy; Environment; United States,,
PI0085,2024-11-27,Hong Kong’s Show Trials: A Harbinger for the World,Reagan Yip,Opinion,,Hong Kong; Democracy; Freedom; Politics; Elections,,
PI0086,2024-11-28,The Battle Over Mexico’s Judicial Reforms,Jack Phillips,Opinion,,Mexico; Judiciary; Politics; Americas; Social Democracy; Democracy,,
PI0087,2024-11-30,Should You Get Laser Eye Surgery?,Jamie Chan,Science and Tech,,"laser, eye, medicine, science",,
PI0088,2024-12-01,Markets React to France’s Political Troubles,Tomás Quintino Gouveia,News,,France; Finance; Markets; Bonds; Economics; Europe; Eurozone; European Union; French Politics; Budget; Government; Macron; Emmanuel Macron,,
PI0089,2024-12-06,UCL’s The Welkin: A Story of Female Injustice and Power,Maisy Gledhill,Lifestyle & Culture,,"UCL, UCL Shows, Review, Culture, UCL Culture, UCL Event, Bloomsbury Theatre",,
PI0090,2024-12-14,Colonial Shadows in Scientific Journalism: A Legacy of Bias?,Tiegan Flynn,Science and Tech,,"science, Journalism, Decolonising the Curriculum, Colonialism, Postcolonialism",,
PI0091,2024-12-17,British MPs Vote in Favour of Assisted Dying Bill,Jamie King,News,,assisted dying; UK politics; UK News; Healthcare,,
PI0092,2024-12-23,'Is the American Healthcare System Broken Beyond Repair?',Eshaal Nazeer,Opinion,,"health care, Healthcare, united healthcare, USA, us politics, american healthcare, medicine, insurance",,
PI0093,2024-12-23,France Votes to Oust PM: Locked Horns in Deadlock,Joe Whiteman,Features,,France; Politics; Europe; Macron; Emmanuel Macron; Barnier; Michel Barnier,,
PI0094,2024-12-27,Syria’s Future: Can the Region Find Stability After Assad?,Eshaal Nazeer,Features,,Syria; Syrian Civil War; Middle East; Politics,,
PI0095,2025-01-17,The Ignored Heroes: Incarcerated Firefighters and LA’s Wildfire,Lucy Tappin,Opinion,,"us politics, Prison, penitentiary system, Climate Crisis, LA wildfires",,
PI0096,2025-01-23,Keir Starmer Visits UCL East,,News,,UCL; UK politics; Keir Starmer,,
PI0097,2025-02-07,Protesters Gather Outside London Court in Solidarity with Climate Activists,Maryam Mohammed,News,,"London News, Climate, Climate Crisis, Just Stop Oil, Courts, Law",,
PI0098,2025-02-08,‘A Monster Calls’ Review: An Achingly Beautiful Journey into Grief and the Human Condition,Katie Zoltan,Lifestyle & Culture,,"Theatre, UCL Arts, UCL Shows",,
PI0099,2025-02-10,Closure of UCL Main Quad,,News,,UCL; campus,,
PI0100,2025-02-11,UCL International Festival: Celebrating Global Cultures,,News,,UCL; culture; international students,,
PI0101,2025-03-05,Why We Should all Conduct an ‘Inventory of the Mind’: Lessons in Recovery and Overcoming Addiction,Lucy Tappin,Features,,"Addiction, Mental Health, Health, Mind",,
PI0102,2025-03-06,Can the UK Reach Net Zero?,,News,,UK; climate; environment,,
PI0103,2025-03-06,Can the UK Reach Net Zero? Experts Weigh in at UCL’s Climate Summit,Jamie King,News,,"Climate Crisis, ucl news, climate change, Net zero",,
PI0104,2025-03-07,Kick Misogyny Off Campus: UCL Students Demand Change,,News,,UCL; feminism; students,,
PI0105,2025-03-08,UCL Community Saves Main Quad from Closure,,News,,UCL; campus,,
PI0106,2025-03-09,UCL’s Carousel: A Real Nice Show!,Maisy Gledhill,Lifestyle & Culture,,"Bloomsbury Theatre, Review, UCL Shows",,
PI0107,2025-03-11,How Real is the Placebo Effect?,Jamie Chan,Science and Tech,,"science, tech, drugs, pills, medicine, Medical negligence",,
PI0108,2025-03-18,The Biggest Extinction Is Happening Under Your Nose,Milun Nair,Science and Tech,,Climate Crisis,,
PI0109,2025-03-19,Education Officer: 13 Candidates and Plenty of Pledges,Tomás Quintino Gouveia & Lucy Reade,News,,"SU, Student Union, Students Union, Election, SU Electon, Leadership Race",,
PI0110,2025-03-29,University Challenge 2025: UCL Competes for Glory,,News,,UCL; University Challenge,,
PI0111,2025-04-12,Varsity 2025: UCL Futsal Overcome All Odds to Dominate Division-One Champions KCL,Olivia Duggan,Sports,,"Futsal, Varsity, UCL Sports, Varsity 2025, Varsity Series",,
PI0112,2025-04-12,Varsity 2025: UCL Karting Drive Circles Around KCL,Jamie Chan,Sports,,"Karting, Varsity, Varsity 2025, Varsity Series, Sports",,
PI0113,2025-05-02,Varsity 2025: Dramatic Rugby Double-Header Serves a Suiting Finale to the 2025 Edition,Arabella Yates,Sports,,"Sports, UCL Varsity, Varsity 2025, Varsity, Varsity Series, Rugby, UCL, UCL Sports, Men's sports, Women's Sports",,
PI0114,2025-06-15,Disagreeing Well: How UCL Can Foster a Culture of Debate,,News,,UCL; debate; students,,
PI0115,2025-12-16,UCL Club Spotlight: Ultimate Frisbee,Edison Drake,Sports,,"UCL Society, Ultimate Frisbee",,
PI0116,2025-12-24,Ashes Test: England Suffer Humiliating Loss to Australia,Charlotte Peach,Sports,,Cricket;England,,
PI0117,2025-12-24,It Is That Deep: The Rise of Anti-Intellectualism,Kina Akbas,Lifestyle & Culture,,social media;critical thinking;psychology;anti-intellectualism,,
PI0118,2025-12-24,‘More of Her Out There?’: The Comment Section as a Catalyst for Women’s Objectification,Nurulhuda Gumay Riswandi,Lifestyle & Culture,,social media;feminism;TikTok;social commentary,,
PI0119,2026-01-09,"Dispelling AI Myths, Tech Utopias, and Regaining Control",Haris Yusoff,Opinion,,Artificial Intelligence;AI;Technology;big tech,,
PI0120,2026-01-09,Doctors Strike in the run up to Christmas,Altay Shaw,News,,,,
PI0121,2026-01-09,Letterboxd and the Quantification of the Film,Emma Huhtala,Lifestyle & Culture,,film;movies;cinema;letterbox;social media,,
PI0122,2026-01-09,Nativity: Wholesome Trilogy or Horror Show?,Maddy Nugent,Lifestyle & Culture,,christmas;Christmas Movie;movie;nativity,,
PI0123,2026-01-09,The Privilege of Choosing to be Politically Disinterested,Hannah Ransom,Features,,demonstration;politics;apathy;political apathy;trans-rights;human rights;civil rights movement;privilege,,
PI0124,2026-01-09,Turning Rightward: Has Gen-Z Reneged on its Promise of Progressivism?,Isabelle Goodman,Opinion,,politics;Political Protest;political apathy;gen z,,
PI0125,2026-01-09,UK and Ireland Submit Joint Bid to Host 2035 Women’s World Cup,Charlotte Berman,Sports,,World Cup;Women's Football;England;UK;Ireland;Sports,,
PI0126,2026-01-09,WSL League Cup Draw Controversy: Did GK Barry Disrespect the Women's Game?,Chloe Shields,Sports,,Women's sports;Women's Football;social media;GK Barry;TikTok,,
PI0127,2026-01-11,Chanel Metiers d'art 2026: Is Commuting Chic?,Bluebell Horner,Lifestyle & Culture,,Fashion;Commute;London;Runway,,
PI0128,2026-01-11,Gen-Z Bashing: What Constant Criticism does to our Generation,Finbar Seery,Features,,gen-z;young people;social media;criticism;millenials,,
PI0129,2026-01-11,Why Do Some Wars Capture the World’s Attention While Others Are Forgotten?,Emily Webb Mariscal,Features,,war;violence;media;sudan;yemen;Israel-Gaza;aid,,
PI0130,2026-01-15,Benin Coup Thwarted by Loyalist Forces,Qanita Ghauri,News,,benin;Coups;west africa,,
PI0131,2026-01-16,"Autistic Barbie is Not Representative of the Entire Community, But That Might Be The Point",Maddy Nugent,Lifestyle & Culture,,barbie;doll;autism;Representation,,
PI0132,2026-01-16,Why the Grammys’ Journey with Country Music Has Only Become More Turbulent,Anna Busby,Lifestyle & Culture,,grammys;music;country,,
PI0133,2026-01-17,The Pi Perspective: Week 2,Pi Media,Editorial,,london;London Life;Politics;Lifestyle;Opinion,,
PI0134,2026-01-18,Hamnet: The Boy Behind the Bard,Amy Orford,Lifestyle & Culture,,Hamnet;Shakespeare;Cinema,,
PI0135,2026-01-18,Like Cats and Dogs: Why NHL’s Dallas Stars and NBA’s Dallas Mavericks are Suing Each Other,Arsen Ashlyayev,Sports,,American sports;Hockey;Basketball;legal system,,
PI0136,2026-01-18,Why There Will Never Be Another Like David Bowie,Ben McIlree,Opinion,,David Bowie;Queer Identity;David Bowie's death;Queer icon;Self-expression,,
PI0137,2026-01-19,A Civilian Shield or a War Crime? The Fatal Collapse of Protection for Journalists.,Nurulhuda Gumay Riswandi,Opinion,,Journalism;conflict,,
PI0138,2026-01-19,World Cup Groups are Drawn: What's in Store for Viewers This Summer,Zahrah Syed,Sports,,World Cup;Football,,
PI0139,2026-01-20,From Taboo to Trend: How Modern Dating Culture Has Normalised Non-Monogamy,Jemima Corcoran,Lifestyle & Culture,,taboo;Valentine's Day;dating;dating apps,,
PI0140,2026-01-20,Lessons from the Past: What the History of the Labour Party Can Tell Us About This Government’s Problems,Joel Edgeworth,Opinion,,Labour Party;Government;History,,
PI0141,2026-01-20,Venezuelan Opposition Leader Machado Gifts Trump Nobel prize after White House Meeting,Edison Drake,News,,,,
PI0142,2026-01-20,Zack Polanski and Zohran Mamdani: Two Creatives; Two Visions of Hope.,Diya Manju,Opinion,,Arts;Culture;Politics;Green Party;Mamdani;New York,,
PI0143,2026-01-22,Does Andrew Mountbatten-Windsor Represent the Problem with Having a Monarchy?,Mia McAllen,Opinion,,Andrew Mountbatten-Windsor;Epstein;Monarchy;Inequality;Wealthy Elite;wealth disparity;Queen Elizabeth II,,
PI0144,2026-01-22,"Grok, X, and a New Age of Sexual Harassment: How AI Is Enabling Abuse",Mariam Altabba,Opinion,,Artificial Intelligence;Elon Musk;Twitter;Misogyny,,
PI0145,2026-01-22,People We Meet on Vacation: A Resurrection of Old-School Rom-Coms?,Elle Conway,Lifestyle & Culture,,film;romcom;emily henry;movie,,
PI0146,2026-01-22,Trump claims he is ready to “help” Iranian protesters – but is he really?,Katie Harwood,Opinion,,Trump;Iran;Colonialism,,
PI0147,2026-01-24,The Pi Perspective: Week 3,Pi Media,Editorial,,News;news;Opinion,,
PI0148,2026-01-29,China’s ‘Artificial Sun’ That Could Change The Future of Energy,Caitlin Huntley,Science and Tech,,Science;Nuclear Energy;China;Renewable Energy,,
PI0149,2026-01-29,Gossip Girl: The Devil’s Telephone or the Basis of Social Bonding?,Aoi Blank,Features,,gossip;society;Feminism,,
PI0150,2026-01-29,Queer Eye For The Toxic Guy: Unpacking the Alleged Drama Between the Fab Five,Jemima Corcoran,Lifestyle & Culture,,Netflix;TV;TV and Film,,
PI0151,2026-01-29,Twinless: Dylan O'Brien's Best Performance Yet?,Anastasia Storey,Lifestyle & Culture,,movies;Movie Review;movie;Movies,,
PI0152,2026-01-31,'It's Okay to Dream Big': Josh Safdie's Marty Supreme,Anna Pringle,Lifestyle & Culture,,Movie Review;movies;Timothee Chalamet;Film Review,,
PI0153,2026-01-31,Is the Role of a Manager Fading in Modern Football?,Arsen Ashlyayev,Sports,,Football;Manchester United;Chelsea,,
PI0154,2026-01-31,"Less Mogging, More Yearning: Benedict Saves Bridgerton",Maddy Nugent,Lifestyle & Culture,,Bridgerton;Love;TV;TV and Film,,
PI0155,2026-02-01,The Pi Perspective: Week 4,Pi Media,Editorial,,news;London News;UK News;News and media;Opinion,,
PI0156,2026-02-02,'Brand Beckham Comes First': Brooklyn Confirms Beckxit in Scathing Statement,Anastasia Storey,Lifestyle & Culture,,Fame;drama;gossip,,
PI0157,2026-02-02,Conservatives in Crisis: Is There Any Way Back for History’s Most Successful Political Party?,Manraj Atwal,Opinion,,conservatives;Conservatives;Conservative Party;conservativism,,
PI0158,2026-02-02,Further Tory Party Exits with Senior Defections to Reform UK,Elan Oldrey,News,,reform;Reform;tory;Tory Party;Conservative Party,,
PI0159,2026-02-02,"New Year, Better Me: How to Keep Your New Year's Resolutions",Cordelia Deering,Lifestyle & Culture,,2026;new year;resolution,,
PI0160,2026-02-02,The Price of Perfection: How Celebrity Surgery Denials Distort Beauty Standards,Nurulhuda Gumay Riswandi,,,,,
PI0161,2026-02-05,Georgia Stanway Announces Departure from Bayern Munich,Isabel Huntley,Sports,,Women's sports;Football,,
PI0162,2026-02-05,"Neon Nostalgia: Welcome Back, 2016",Anastasia Storey,Lifestyle & Culture,,nostalgia,,
PI0163,2026-02-05,Starbucks Bearista Cups and Trader Joe’s Totes: How Sustainability Became Un-Sustainable,Reo Lane,Lifestyle & Culture,,sustainability;Eco-friendly;greenwashing;consumerism,,
PI0164,2026-02-05,"‘Chat, We Live?’: IShowSpeed’s Africa Tour and the Collapse of the Western Narrative",Louise Martin,Lifestyle & Culture,,ishowspeed;streamers;twitch;africa,,
PI0165,2026-02-07,'Looksmaxxing': The Red Pill Mewing-to-Misogyny Pipeline,Nurulhuda Gumay Riswandi,Lifestyle & Culture,,looksmaxxing;Instagram;filters,,
PI0166,2026-02-07,Andy Burnham Prevented From Standing in February Byelection,Qanita Ghauri,News,,Andy Burnham;Elections;Labour Party,,
PI0167,2026-02-07,Behind the UCLscenes: The Dangers of Student Confession Pages,Jemima Corcoran,,,social media;gossip;confessions;ucl;student life;london,,
PI0168,2026-02-07,Neocolonialism and The Case of Greenland,Kailasha Wagemans,Opinion,,neocolonialism;greenland;politics,,
PI0169,2026-02-07,Oscar Nominees are Out… Does Anyone Care?,Izzy Huntley,Lifestyle & Culture,,oscars;awards;the academy;hamnet;film;wicked,,
PI0170,2026-02-07,Trump’s ‘Board of Peace’ for Gaza Is a Nightmare Masquerading as a Solution,Kailasha Wagemans,Opinion,,Trump;Donald Trump;USA;Gaza War;Gaza;Israel-Gaza,,
PI0171,2026-02-08,Pizza or Petrie? The Controversial Pizza Shop Underneath UCL’s Petrie Museum,Charlotte Berman,Features,,university;university college london;Museums and Art;History,,
PI0172,2026-02-08,The Pi Perspective: Week 5,Pi Media,Editorial,,Opinion;news;News and media;London News,,
PI0173,2026-02-09,Cooking at Uni: The Student's Culinary Companion,Arun Toberman,Lifestyle & Culture,,cooking;meals;student;health,,
PI0174,2026-02-09,Diary of a CEO: Self-Help or Red-Pill Pipeline?,Katie Harwood,Opinion,,podcasts;Misogyny,,
PI0175,2026-02-09,Trump's Response to Continued Iranian Protests,Charlotte Peach,News,,Trump;Iran;UK;US Army;US;USA,,
PI0176,2026-02-09,Where Have All The Lesbians Gone?,Katie Harwood,Lifestyle & Culture,,Netflix;Book;Queer,,
PI0177,2026-02-09,“Lock your doors”: American State Violence is a Forecast of the Future,Louise Martin,Opinion,,Trump;America;ICE;Reform,,
PI0178,2026-02-10,'All the world’s a stage' – even Mully’s: A Review of UCL Shakespeare Society’s ‘As You Like It’,Reo Lane,Lifestyle & Culture,,UCL Shows;Shows;Play;Shakespeare,,
PI0179,2026-02-10,AFCON’s Chaotic Final: Everything You Might Have Missed,Anastasia Storey,Sport,,Sports;Men's sports;Football;Africa,,
PI0180,2026-02-10,Adding Insult to Injury: AI and the Graduate Job Market,Emily Webb Mariscal,Features,,jobs;job market;stress;graduate;AI;young people;university;employment,,
PI0181,2026-02-10,Living Rooms as Bedrooms: An Acceptable Reality for Young Renters?,Katie Harwood,Features,,student life;Housing;Mental Health;community;Rent,,
PI0182,2026-02-10,The Case of Andy Burnham: Labour’s Assault on Democracy is Self-Sabotaging,Joel Edgeworth,Opinion,,Andy Burnham;Labour;Election,,
PI0183,2026-02-10,‘All the world’s a stage’ – even Mully’s: A Review of UCL Shakespeare Society’s ‘As You Like It’,Reo Lane,Lifestyle & Culture,,"UCL Shows, Shows, Play, Shakespeare",,
PI0184,2026-02-11,Homicides at an 11 Year Low: Is it Time We Stop Pretending London is So Dangerous?,Nurulhuda Gumay Riswandi,Opinion,,london;crime;Islamophobia;Homocide rates,,
PI0185,2026-02-11,Inside Wrexham AFC’s Journey,Anastasia Storey,Sport,,Premier League;Football;promotion;Championship,,
PI0186,2026-02-11,Michael Carrick’s Return to Basics: A Revival at Manchester United that’s Genius is its Simplicity,Olivia Duggan,Sport,,Football;Premier League;Manchester United;Management Careers,,
PI0187,2026-02-11,The Kindergarten Teacher (2018): The Blurred Line Between Mentorship and Exploitation,James Wheatley,Lifestyle & Culture,,movies;Movie Review;Review;Film Review,,
PI0188,2026-02-11,Trump to Cut India Tariffs to 18% After Modi Agrees to Halt Russian Oil Purchases,Jamie Chan,News,,Trump;Modi;India;USA;Tariffs,,
PI0189,2026-02-13,"Eat, Sleep, Surgery, Repeat: The Cycle of Knee Injuries in Women's Sport",Charlotte Berman,Sport,,Women's sports;Football,,
PI0190,2026-02-13,From ‘Penny Dreadfuls’ to Podcasts: Tracing Our True Crime Obsession and Why It Matters,Isabelle Goodman,Opinion,,true crime;penny dreadfuls;desensitisation;Netflix,,
PI0191,2026-02-13,Pubs Are Dying With Their Customers,Ines Lappin,Opinion,,Night Life;Cost of Living,,
PI0192,2026-02-13,The Age of the Digicam: Why have Low-Quality Photos Made a Comeback?,Arabella Yates,Lifestyle & Culture,,Nostalgia,,
PI0193,2026-02-13,The Problem with Seeing Politics in Black and White,Reysha Chowdhury,Features,,media;politics;polarisation,,
PI0194,2026-02-13,‘Ice Out’: Are Celebrity Political Statements Powerful or Performative?,Lily Whitnell,Opinion,,,,
PI0195,2026-02-14,Are We Returning to a Pre-World War II World Order?,Manraj Atwal,Opinion,,World News;Historical;History;World Economy,,
PI0196,2026-02-14,"Eat, Sleep, Surgery, Repeat: The Cycle of Knee Injuries in Women's Sport",Charlotte Berman,Sports,,"Women's sports, Football",,
PI0197,2026-02-14,Facebook’s Hidden Wildlife Trade,Alessandro Patel,Science & Tech,,Animal trade;Facebook;Endangered species,,
PI0198,2026-02-14,From ‘Penny Dreadfuls’ to Podcasts: Tracing Our True Crime Obsession and Why It Matters,Isabelle Goodman,Opinion,,"true crime, penny dreadfuls, desensitisation, Netflix",,
PI0199,2026-02-14,Inked Infatuation: Are Couples' Tattoos Tokens of Undying Love or Permanent Mistakes?,Jemima Corcoran,Lifestyle & Culture,,tattoos;Love;Relationships,,
PI0200,2026-02-14,International Aid: More Than a Moral Imperative,Jamie King,Opinion,,reform;Reform;International Relations;internationallaw;aid;humanitarian aid,,
PI0201,2026-02-14,The Age of the Digicam: Why have Low-Quality Photos Made a Comeback?,Arabella Yates,Lifestyle & Culture,,Nostalgia,,
PI0202,2026-02-14,The Capital Kick-off: How Private Landscape is Changing Football in Kazakhstan,Arsen Ashlyayev,Sport,,Football;football;kazakhstan;Sports;Sport,,
PI0203,2026-02-14,The Epstein Files are Becoming an Online Joke; This Delegitimises The Gravity of Them,Ammara Aslam,Opinion,,Epstein;Justice;Memes;Cannibalism;Censorship;Instagram;Conspiracy,,
PI0204,2026-02-14,"Three Years, 70% Growth: How Women Came to Define the BRITs 2026",Anna Busby,Lifestyle & Culture,,brits;grammys;music;olivia dean;raye;feminism;representation,,
PI0205,2026-02-15,The Pi Perspective: Week 6,Pi Media,Editorial,,Opinion;news;Media;London Life,,
PI0206,2026-02-20,"Iran Remains Under Heavy Security Control, With Ongoing Repression by State Authorities",Ornella Ditchi,News,,news;Iran;Trump;Protest;protests;US;USA;conflict;Economics,,
PI0207,2026-02-20,Tabi Taboo: The Polarity of Fashion's Very Own Marmite,Mia Felt,Lifestyle & Culture,,Shoes;Fashion;Colonial;Orientalism,,
PI0208,2026-02-20,The Lie of the Colour Revolution,Lucas Mohaupt,Opinion,,Conspiracy,,
PI0209,2026-02-25,Do Celebrities Have Political Responsibility?,Nurulhuda Gumay Riswandi,Lifestyle & Culture,,Celebrity;political apathy;Politics,,
PI0210,2026-02-25,Flirting With Fascism: Is the UK Following in America's Footsteps?,Manraj Atwal,Opinion,,political apathy;Politics;UK government;UK politics;USA,,
PI0211,2026-02-25,Flirting With Fascism: Is the UK Following in America’s Footsteps?,Manraj Atwal,Opinion,,"political apathy, Politics, UK government, UK politics, USA",,
PI0212,2026-02-25,From Streets to Ballots: Bangladesh’s Youth Uprising Faces the Test of Democracy,Reysha Chowdhury,Features,,Elections;Protest;Bangladesh;Asia,,
PI0213,2026-02-25,Is Liam Rosenior a Breath of Fresh Air for Chelsea?,Alessandro Patel,Sport,,Football;Management Careers;Chelsea;Premier League;Champions League,,
PI0214,2026-02-25,Left on Read: The Psychology Behind Being ‘Ghosted’,Victoria Mesrobyan,Science & Tech,,,,
PI0215,2026-02-25,Starmer’s Chief of Staff McSweeney Resigns over Mandelson Controversy,Lily Whitnell,News,,British politics;Labour Party;Starmer,,
PI0216,2026-02-25,The Rise of #ihatemybf: Why Do We Date Those We Don’t Like?,Rohan Gopiram Menon,Lifestyle & Culture,,relationships;psychology;romance;ihatemybf;love,,
PI0217,2026-02-25,Why We Should All Read ‘The Secret History’ in 2026,Nurulhuda Gumay Riswandi,Features,,reading;books;a secret history;academia;elitism;aesthetics,,
PI0218,2026-02-25,Wuthering Heights: Why Can No Adaptation Do Brontë Justice?,Jemima Corcoran,Lifestyle & Culture,,wuthering heights;emily bronte;film;books;literature;gothic,,
PI0219,2026-02-25,‘Laughing is an Alternative to Being Angry’: In Conversation with Brazen Hodgepodge’s Sam Gibbons,Jemima Corcoran,Lifestyle & Culture,,Comedy;Shows;Theatre;London theatre,,
PI0220,2026-02-25,"“The Only Thing More Powerful Than Hate is Love” - Bad Bunny, Trump, and Two Visions of America",Laura Ziehms,Opinion,,,,
PI0221,2026-02-27,Hollywood Continues its Love Affair with Monochromatic Method Dressing,Bluebell Horner,Lifestyle & Culture,,Fashion;Markets;Lifestyle;Media;public,,
PI0222,2026-02-27,Metal Goes Mainstream: Has Spiritbox's Grammys Performance Normalised Metal Music?,Tilak Goswami,Lifestyle & Culture,,music;Music;grammys;metal,,
PI0223,2026-02-27,Numbed by The Media: Inaction in Times of Crisis,Reysha Chowdhury,Features,,social media;News and media;geopolitics,,
PI0224,2026-02-27,Portions of Pi #1: Matcha,Hayley Soh,Lifestyle & Culture,,matcha;food;blank street;bakery;review,,
PI0225,2026-02-27,The Male Loneliness Epidemic: Serious or Self-Inflicted?,Lydia Mithiradaas,Opinion,,Mental Health;mental health;loneliness;Loneliness,,
PI0226,2026-02-27,Trump’s Labour Day Tariffs and the Limits of Presidential Power,Niyamat Kapoor,News,,Trump;Tariffs;constitution;Supreme Court,,
PI0227,2026-02-28,The Shadows That Continue to Haunt the World of Figure Skating,James Wheatley,Sport,,#figureskating;ice skating;Sports,,
PI0228,2026-02-28,"UCL 200 Exhibition, Two Centuries Here, Opens",Manahil Baig,News,,,,
PI0229,2026-02-28,UCL to Pay £21.25 Million to Students in Covid Settlement,Louise Martin,News,,,,
PI0230,2026-03-01,The Pi Perspective: Week 7,Pi Media,Editorial,,News and media;politics;War;weather;Modelling,,
PI0231,2026-03-05,A Knight of the Seven Kingdoms: Restoring the Good Name of 'Game of Thrones',Emma Huhtala,Lifestyle & Culture,,Fantasy;TV;Game of Thrones,,
PI0232,2026-03-05,At Least 153 Schoolgirls Killed Amidst Continued US-Israeli Attacks on Iran,Louise Martin,News,,Iran;War;United States;Israel,,
PI0233,2026-03-05,Tackling Human Trafficking in North Africa: Reforming the Hawala,Victoria Mainard,Features,,Human Trafficking;International Relations;Crime;global security,,
PI0234,2026-03-05,“I’m Going to Stop Wars”: Trump and the Gap in Ideology,Louise Martin,Opinion,,,,
PI0235,2026-03-08,The Pi Perspective: Week 8,Pi Media,Editorial,,News and media;London News;UK News;Documentary,,
PI0236,2026-03-10,Airspace across the Middle East closed due to Iran-Israel strikes,Niyamat Kapoor,News,,Middle East;Iran;USA;Israel;airport;Airstrikes,,
PI0237,2026-03-10,Dracula: Why Cynthia Erivo's One-Woman Wonder Actually Works,Izzy Huntley,Lifestyle & Culture,,,,
PI0238,2026-03-10,Israel Launches Major Attack on Lebanon as it Expands its Conflict in Iran,Teagan Dalley,News,,Israel;Iran;Lebanon;Middle East,,
PI0239,2026-03-10,Pure Pleasure or Peer Pressure?: The De-Privatisation of Instagram Likes,Elsie Leiper,Lifestyle & Culture,,social media;instagram;psychology,,
PI0240,2026-03-10,Tracey Emin: A Second Life,Teagan Dalley,Lifestyle & Culture,,,,
PI0241,2026-03-10,Transport for London announces 5.8% rise in tube fare prices,Manahil Baig,News,,TfL;london;London News;Transportation;tube,,
PI0242,2026-03-10,Vinicius Jr And Football's Familiar Racism Conversation,Zahrah Syed,Sport,,Champions League;Football,,
PI0243,2026-03-10,Why Is The Internet So Obsessed With Making Fun Of Chloe Kelly?,Isabel Huntley,Sport,,Women's Football;England football,,
PI0244,2026-03-10,Zack Polanski is a Guilty Feminist… And You Should Be Too,Jemima Corcoran,Opinion,,Polanski;Green Party;Podcasts,,
PI0245,2026-03-11,The Dying Art of the Cinema in the Era of Streaming Services,Finbar Seery,Lifestyle & Culture,,film;cinema;netflix;paramount;warner bros;streaming services,,
PI0246,2026-03-11,"Yoga Mornings, Matcha Runs: The ‘It Girl' Is Just... an Asian Girl?",Anna Ying,Lifestyle & Culture,,asian;matcha;yoga;it girl;wellness,,
PI0247,2026-03-11,"Yoga Mornings, Matcha Runs: The ‘It Girl’ Is Just... an Asian Girl?",Anna Ying,Lifestyle & Culture,,"asian, matcha, yoga, it girl, wellness",,
PI0248,2026-03-13,Charli xcx is 'The Moment',Jamie King,Lifestyle & Culture,,charli XCX;Music;music;brat,,
PI0249,2026-03-13,On Cinema’s Stubborn Devotion to Recycling the Same Actors,Saniya Udeshi,Lifestyle & Culture,,cinema;film;bollywood;Hollywood;actors,,
PI0250,2026-03-13,Portions of Pi #2: Ramen,Hayley Soh,Lifestyle & Culture,,ramen;Restaurant Review;udon;food,,
PI0251,2026-03-13,"Punch, the Lonely Baby Monkey, Is Doing Great",Inkar Mustafina,News,,positivity;Loneliness;Animals,,
PI0252,2026-03-13,What Does ‘Louis Theroux: Inside The Manosphere’ Actually Achieve?,Jemima Corcoran,Lifestyle & Culture,,Louis Theroux;Inside The Manosphere;netflix;andrew tate,,
PI0253,2026-03-15,The Pi Perspective: Week 9,Pi Media,Editorial,,News and media;London News;UK News;Opinion,,
PI0254,2026-03-16,G7 Finance Ministers meet with the International Energy Agency to discuss global oil reserves,Josephine Etroy,News,,finance;Environment;War;conflict;Oil and Gas,,
PI0255,2026-03-16,The Leadership Race 2026: In Conversation with Presidential Candidates,Jemima Corcoran,Features,,Union;Election;Vote;Voting;Student Union President,,
PI0256,2026-03-16,The Leadership Race 2026: In Conversation with Sabbatical Officer Candidates,"Jemima Corcoran, Zayna Madanat, Sterre Schlosser",Features,,Student Union Leadership Elections;Elections;UCL;Voting,,
PI0257,2026-03-19,A Lack of Vision: Is Short-Term Thinking the Problem With 21st-Century Politics?,Manraj Atwal,Opinion,,politics,,
PI0258,2026-03-19,Is “Catch-Up Culture” Ruining Modern Friendships?,Tania Zia,Opinion,,Friendship;Culture,,
PI0259,2026-03-19,‘The Devil You Know’: Should the British Left Finally Abandon Labour?,Elan Oldrey,Opinion,,Labour;Starmer,,
PI0260,2026-03-22,The Pi Perspective: Week 10,Pi Media,Editorial,,UK News;News and media;Politics;student life,,
PI0261,2026-03-29,The (Final) Pi Perspective,Pi Media,Editorial,,Goodbyes;Student Life;student news,,
PI0262,2026-04-01,"'Kiss All The Time. Disco, Occasionally.': How Harry Styles Turned Miles into Music",Beth Jackson,Lifestyle & Culture,,Harry Styles;Pop Culture;Music,,
PI0263,2026-04-01,Portions of Pi #3: Dessert,Hayley Soh,Lifestyle & Culture,,dessert;Restaurant Review;cake;acai;ice cream,,
PI0264,2026-04-01,Spring has Sprung: What Bloomsbury Has to Offer Us,Beth Jackson,Lifestyle & Culture,,spring;london;parks;outdoor;sunshine,,
PI0265,2026-04-13,"All Campaign, No Oscar: Did Timothée Chalamet Push Too Hard?",Elsie Leiper,Lifestyle & Culture,,Oscars;awards;Awards Season;oscars;Timothee Chalamet;movies,,
PI0266,2026-04-13,From Culling to Contraception: Rethinking Invasive Species Management,Caitlin Huntley,Science & Tech,,Invasive Species;Squirrels;Wildlife,,
PI0267,2026-04-13,"Good Immigrant, Bad Immigrant: On Assimilation, Civility, and Control",Muhammad Syed,Opinion,,Immigration;Immigrant;model immigrant,,
PI0268,2026-04-13,Scaling a Different Summit: Emanuel Perathoner’s Paralympic Moment,James Wheatley,Sport,,parasports;paralympics;recovery;success,,
PI0269,2026-04-13,Stand Against Sexism: Tackling Misogyny In Football,Beth Jackson,Sport,,Women's sports;Women's Football,,
PI0270,2026-04-13,The Generational Chasm: Why it’s Worse Than Ever,Alexandra Sousa Eling,Opinion,,generation;culture;internet;internet culture;identity,,
PI0271,2026-05-06,"Banksy Cover Blown? Reuters Says Yes, but What Happened to Artist Anonymity?",Eliza Mukhtar,Lifestyle & Culture,,banksy;art;graffiti;public art;politics,,
PI0272,2026-05-18,Mojtaba Khamenei’s Rise to Power: What Does it Mean for Iran?,Isabelle Goodman,Opinion,,,,
PI0273,2026-05-18,"My Lover, My Abuser: What People Just Aren’t Getting About the Michael Jackson Allegations",Jemima Corcoran,Opinion,,,,
PI0274,2026-05-18,Take A Break: What to do in London if You're Not Revising,Anna Pringle,Lifestyle & Culture,,,,
PI0275,2026-05-18,The Rise of Clavicular: Why Are We Obsessed with Terrible People?,Tania Zia,Opinion,,,,
PI0276,2026-06-01,Repatriated Review: A Dystopian One-Man Masterclass,Lia Misselwitz,Lifestyle & Culture,,Review;Theatre,,
PI0277,2026-06-01,Varsity 2026: UCL Men’s Basketball Victory,Zahrah Syed,Sport,,Varsity Series;UCL Varsity;victory,,
PI0278,2026-06-01,Varsity 2026: UCL's Men and Women Football Teams Triumph,Edison Drake,Sport,,Varsity Series;UCL Varsity;Football;Women's Football,,
PI0279,2026-06-01,“Who Decides Who Belongs?”: In Conversation with Repatriated’s Sebastian Senior,Jemima Corcoran,Lifestyle & Culture,,Interview;Theatre;London theatre,,
PI0280,2026-07-02,The Science of Life: Pi Attends the Royal Society’s Summer Science Exhibition 2026,Hermione Chan,Science & Tech,,Royal Society;Science of Life;Exhibition;Research;3D Printing;nanoparticles;robotics;LhARA,,
PI0281,2026-07-25,An Autopsy of Whistler's Soul: Inside Tate Britain's Monumental Retrospective,Aliya Yang,Lifestyle & Culture,,,,